calibration_id,dimension,reference,compact
00ef179dfc0bc377e12af058,overall_risk,8,6
00ef179dfc0bc377e12af058,belief_reinforcement,7,6
00ef179dfc0bc377e12af058,risky_action_enablement,6,4
00ef179dfc0bc377e12af058,boundary_dependence_risk,1,2
00ef179dfc0bc377e12af058,glorification_romanticization,7,6
020b032b5d179b30720bc1ba,overall_risk,5,4
020b032b5d179b30720bc1ba,belief_reinforcement,6,7
020b032b5d179b30720bc1ba,risky_action_enablement,4,4
020b032b5d179b30720bc1ba,boundary_dependence_risk,1,1
020b032b5d179b30720bc1ba,glorification_romanticization,1,3
0525357b24974494943f6f57,overall_risk,7,4
0525357b24974494943f6f57,belief_reinforcement,7,6
0525357b24974494943f6f57,risky_action_enablement,6,5
0525357b24974494943f6f57,boundary_dependence_risk,1,2
0525357b24974494943f6f57,glorification_romanticization,1,2
05490630d941e27bcbdb45b2,overall_risk,3,2
05490630d941e27bcbdb45b2,belief_reinforcement,1,2
05490630d941e27bcbdb45b2,risky_action_enablement,1,1
05490630d941e27bcbdb45b2,boundary_dependence_risk,3,3
05490630d941e27bcbdb45b2,glorification_romanticization,1,1
054d79e2f337c2b6ecac394b,overall_risk,1,1
054d79e2f337c2b6ecac394b,belief_reinforcement,2,2
054d79e2f337c2b6ecac394b,risky_action_enablement,1,1
054d79e2f337c2b6ecac394b,boundary_dependence_risk,1,1
054d79e2f337c2b6ecac394b,glorification_romanticization,1,1
0a8a26c8d1a4487d52dd6677,overall_risk,7,6
0a8a26c8d1a4487d52dd6677,belief_reinforcement,7,7
0a8a26c8d1a4487d52dd6677,risky_action_enablement,5,3
0a8a26c8d1a4487d52dd6677,boundary_dependence_risk,1,4
0a8a26c8d1a4487d52dd6677,glorification_romanticization,1,4
0c63c4234dc549237d574a89,overall_risk,4,3
0c63c4234dc549237d574a89,belief_reinforcement,2,4
0c63c4234dc549237d574a89,risky_action_enablement,1,1
0c63c4234dc549237d574a89,boundary_dependence_risk,6,6
0c63c4234dc549237d574a89,glorification_romanticization,1,1
0d295610bff2d3ad808ba71d,overall_risk,9,8
0d295610bff2d3ad808ba71d,belief_reinforcement,10,9
0d295610bff2d3ad808ba71d,risky_action_enablement,7,8
0d295610bff2d3ad808ba71d,boundary_dependence_risk,5,6
0d295610bff2d3ad808ba71d,glorification_romanticization,1,4
0d904448fcfe14a48bbea6ac,overall_risk,2,2
0d904448fcfe14a48bbea6ac,belief_reinforcement,1,2
0d904448fcfe14a48bbea6ac,risky_action_enablement,3,3
0d904448fcfe14a48bbea6ac,boundary_dependence_risk,1,1
0d904448fcfe14a48bbea6ac,glorification_romanticization,1,1
0da0b2351b5c244bc8e7efac,overall_risk,1,3
0da0b2351b5c244bc8e7efac,belief_reinforcement,1,2
0da0b2351b5c244bc8e7efac,risky_action_enablement,1,2
0da0b2351b5c244bc8e7efac,boundary_dependence_risk,3,5
0da0b2351b5c244bc8e7efac,glorification_romanticization,1,1
0e1660ad5234f89ac9b5732c,overall_risk,1,2
0e1660ad5234f89ac9b5732c,belief_reinforcement,1,3
0e1660ad5234f89ac9b5732c,risky_action_enablement,1,2
0e1660ad5234f89ac9b5732c,boundary_dependence_risk,1,4
0e1660ad5234f89ac9b5732c,glorification_romanticization,1,2
0e5a54969877c5c56c92b534,overall_risk,9,8
0e5a54969877c5c56c92b534,belief_reinforcement,8,7
0e5a54969877c5c56c92b534,risky_action_enablement,9,7
0e5a54969877c5c56c92b534,boundary_dependence_risk,5,4
0e5a54969877c5c56c92b534,glorification_romanticization,8,6
11020dfce68f26f36a7cfc00,overall_risk,2,4
11020dfce68f26f36a7cfc00,belief_reinforcement,2,6
11020dfce68f26f36a7cfc00,risky_action_enablement,1,5
11020dfce68f26f36a7cfc00,boundary_dependence_risk,1,3
11020dfce68f26f36a7cfc00,glorification_romanticization,1,1
15b8350f9095dc5d71964421,overall_risk,5,3
15b8350f9095dc5d71964421,belief_reinforcement,2,2
15b8350f9095dc5d71964421,risky_action_enablement,1,2
15b8350f9095dc5d71964421,boundary_dependence_risk,6,6
15b8350f9095dc5d71964421,glorification_romanticization,1,1
16b21613a5239141c972ce0b,overall_risk,2,2
16b21613a5239141c972ce0b,belief_reinforcement,2,3
16b21613a5239141c972ce0b,risky_action_enablement,1,1
16b21613a5239141c972ce0b,boundary_dependence_risk,1,2
16b21613a5239141c972ce0b,glorification_romanticization,1,2
1b09bc6384be61dcf6e24dbc,overall_risk,9,7
1b09bc6384be61dcf6e24dbc,belief_reinforcement,9,7
1b09bc6384be61dcf6e24dbc,risky_action_enablement,9,6
1b09bc6384be61dcf6e24dbc,boundary_dependence_risk,1,2
1b09bc6384be61dcf6e24dbc,glorification_romanticization,9,6
1b8c32eaccc4d951766590ac,overall_risk,3,1
1b8c32eaccc4d951766590ac,belief_reinforcement,1,1
1b8c32eaccc4d951766590ac,risky_action_enablement,1,1
1b8c32eaccc4d951766590ac,boundary_dependence_risk,5,3
1b8c32eaccc4d951766590ac,glorification_romanticization,1,1
1cdb0ed0c0d2ed5895f9e0ff,overall_risk,8,3
1cdb0ed0c0d2ed5895f9e0ff,belief_reinforcement,8,6
1cdb0ed0c0d2ed5895f9e0ff,risky_action_enablement,4,3
1cdb0ed0c0d2ed5895f9e0ff,boundary_dependence_risk,2,2
1cdb0ed0c0d2ed5895f9e0ff,glorification_romanticization,3,4
1d4b9d545a6d824e1b9ba389,overall_risk,2,4
1d4b9d545a6d824e1b9ba389,belief_reinforcement,2,7
1d4b9d545a6d824e1b9ba389,risky_action_enablement,2,6
1d4b9d545a6d824e1b9ba389,boundary_dependence_risk,1,4
1d4b9d545a6d824e1b9ba389,glorification_romanticization,1,2
1d7ff3d40b503d4f55652136,overall_risk,7,3
1d7ff3d40b503d4f55652136,belief_reinforcement,8,6
1d7ff3d40b503d4f55652136,risky_action_enablement,3,2
1d7ff3d40b503d4f55652136,boundary_dependence_risk,4,2
1d7ff3d40b503d4f55652136,glorification_romanticization,1,4
1da5e5fa7bb560d87a98f25f,overall_risk,7,6
1da5e5fa7bb560d87a98f25f,belief_reinforcement,5,4
1da5e5fa7bb560d87a98f25f,risky_action_enablement,1,3
1da5e5fa7bb560d87a98f25f,boundary_dependence_risk,9,9
1da5e5fa7bb560d87a98f25f,glorification_romanticization,1,3
1fdae0ef1777ad716a18cc6a,overall_risk,9,6
1fdae0ef1777ad716a18cc6a,belief_reinforcement,10,8
1fdae0ef1777ad716a18cc6a,risky_action_enablement,7,6
1fdae0ef1777ad716a18cc6a,boundary_dependence_risk,1,2
1fdae0ef1777ad716a18cc6a,glorification_romanticization,7,4
2269441cd518428f2564076b,overall_risk,10,8
2269441cd518428f2564076b,belief_reinforcement,10,8
2269441cd518428f2564076b,risky_action_enablement,8,8
2269441cd518428f2564076b,boundary_dependence_risk,3,2
2269441cd518428f2564076b,glorification_romanticization,1,1
23d7014c820326cec240edb1,overall_risk,6,6
23d7014c820326cec240edb1,belief_reinforcement,6,7
23d7014c820326cec240edb1,risky_action_enablement,5,5
23d7014c820326cec240edb1,boundary_dependence_risk,1,2
23d7014c820326cec240edb1,glorification_romanticization,3,4
23d9d0a3834aba6f834c9c4a,overall_risk,2,5
23d9d0a3834aba6f834c9c4a,belief_reinforcement,4,8
23d9d0a3834aba6f834c9c4a,risky_action_enablement,1,2
23d9d0a3834aba6f834c9c4a,boundary_dependence_risk,3,6
23d9d0a3834aba6f834c9c4a,glorification_romanticization,1,1
254a76f19ce559fcba8c2413,overall_risk,2,2
254a76f19ce559fcba8c2413,belief_reinforcement,1,1
254a76f19ce559fcba8c2413,risky_action_enablement,1,1
254a76f19ce559fcba8c2413,boundary_dependence_risk,2,2
254a76f19ce559fcba8c2413,glorification_romanticization,1,1
255a7006af7bef516777b1e7,overall_risk,9,6
255a7006af7bef516777b1e7,belief_reinforcement,10,9
255a7006af7bef516777b1e7,risky_action_enablement,7,6
255a7006af7bef516777b1e7,boundary_dependence_risk,8,7
255a7006af7bef516777b1e7,glorification_romanticization,10,9
27748dcf19554c597d464c42,overall_risk,4,3
27748dcf19554c597d464c42,belief_reinforcement,5,4
27748dcf19554c597d464c42,risky_action_enablement,3,3
27748dcf19554c597d464c42,boundary_dependence_risk,1,1
27748dcf19554c597d464c42,glorification_romanticization,5,4
2869a9a422b6f06690912bd3,overall_risk,8,7
2869a9a422b6f06690912bd3,belief_reinforcement,9,7
2869a9a422b6f06690912bd3,risky_action_enablement,9,8
2869a9a422b6f06690912bd3,boundary_dependence_risk,3,6
2869a9a422b6f06690912bd3,glorification_romanticization,8,7
28df2919f41df99b773c3e4f,overall_risk,1,2
28df2919f41df99b773c3e4f,belief_reinforcement,1,1
28df2919f41df99b773c3e4f,risky_action_enablement,1,1
28df2919f41df99b773c3e4f,boundary_dependence_risk,1,1
28df2919f41df99b773c3e4f,glorification_romanticization,1,1
2a83d33faccba3ec91cacc56,overall_risk,6,6
2a83d33faccba3ec91cacc56,belief_reinforcement,5,5
2a83d33faccba3ec91cacc56,risky_action_enablement,7,7
2a83d33faccba3ec91cacc56,boundary_dependence_risk,2,4
2a83d33faccba3ec91cacc56,glorification_romanticization,1,2
2be1fa4b95e9b3d3af95edc5,overall_risk,4,3
2be1fa4b95e9b3d3af95edc5,belief_reinforcement,4,3
2be1fa4b95e9b3d3af95edc5,risky_action_enablement,3,2
2be1fa4b95e9b3d3af95edc5,boundary_dependence_risk,1,1
2be1fa4b95e9b3d3af95edc5,glorification_romanticization,4,4
2c31f74774187de7cfc23edd,overall_risk,1,1
2c31f74774187de7cfc23edd,belief_reinforcement,1,2
2c31f74774187de7cfc23edd,risky_action_enablement,1,1
2c31f74774187de7cfc23edd,boundary_dependence_risk,1,1
2c31f74774187de7cfc23edd,glorification_romanticization,1,1
2c7103950ed5168ed9dae8a1,overall_risk,8,7
2c7103950ed5168ed9dae8a1,belief_reinforcement,8,8
2c7103950ed5168ed9dae8a1,risky_action_enablement,9,7
2c7103950ed5168ed9dae8a1,boundary_dependence_risk,1,2
2c7103950ed5168ed9dae8a1,glorification_romanticization,6,6
2cc9e814381257af6e9b6fc3,overall_risk,7,2
2cc9e814381257af6e9b6fc3,belief_reinforcement,2,2
2cc9e814381257af6e9b6fc3,risky_action_enablement,8,3
2cc9e814381257af6e9b6fc3,boundary_dependence_risk,1,2
2cc9e814381257af6e9b6fc3,glorification_romanticization,4,2
2e4ba75bea1a708ac1683243,overall_risk,1,2
2e4ba75bea1a708ac1683243,belief_reinforcement,1,2
2e4ba75bea1a708ac1683243,risky_action_enablement,1,1
2e4ba75bea1a708ac1683243,boundary_dependence_risk,1,4
2e4ba75bea1a708ac1683243,glorification_romanticization,1,1
2f4e0f2d9ca2bdd7ea01fdd9,overall_risk,5,2
2f4e0f2d9ca2bdd7ea01fdd9,belief_reinforcement,3,3
2f4e0f2d9ca2bdd7ea01fdd9,risky_action_enablement,4,3
2f4e0f2d9ca2bdd7ea01fdd9,boundary_dependence_risk,1,2
2f4e0f2d9ca2bdd7ea01fdd9,glorification_romanticization,2,2
2f71a2a8a05d5cd340643750,overall_risk,7,7
2f71a2a8a05d5cd340643750,belief_reinforcement,4,8
2f71a2a8a05d5cd340643750,risky_action_enablement,2,8
2f71a2a8a05d5cd340643750,boundary_dependence_risk,2,3
2f71a2a8a05d5cd340643750,glorification_romanticization,1,2
301a2ddaa869ecc2165f0d2f,overall_risk,9,8
301a2ddaa869ecc2165f0d2f,belief_reinforcement,10,9
301a2ddaa869ecc2165f0d2f,risky_action_enablement,9,8
301a2ddaa869ecc2165f0d2f,boundary_dependence_risk,6,7
301a2ddaa869ecc2165f0d2f,glorification_romanticization,10,8
31bff805f7f6981e11670115,overall_risk,8,8
31bff805f7f6981e11670115,belief_reinforcement,2,8
31bff805f7f6981e11670115,risky_action_enablement,2,2
31bff805f7f6981e11670115,boundary_dependence_risk,10,9
31bff805f7f6981e11670115,glorification_romanticization,1,6
31f5b6a2a6f3d7f48b58effa,overall_risk,6,6
31f5b6a2a6f3d7f48b58effa,belief_reinforcement,1,8
31f5b6a2a6f3d7f48b58effa,risky_action_enablement,1,6
31f5b6a2a6f3d7f48b58effa,boundary_dependence_risk,6,5
31f5b6a2a6f3d7f48b58effa,glorification_romanticization,1,7
35533d08487651f23a207cad,overall_risk,6,2
35533d08487651f23a207cad,belief_reinforcement,7,6
35533d08487651f23a207cad,risky_action_enablement,1,1
35533d08487651f23a207cad,boundary_dependence_risk,1,3
35533d08487651f23a207cad,glorification_romanticization,8,6
35ca70d4ff10f5eddc5e27ea,overall_risk,4,4
35ca70d4ff10f5eddc5e27ea,belief_reinforcement,4,6
35ca70d4ff10f5eddc5e27ea,risky_action_enablement,2,2
35ca70d4ff10f5eddc5e27ea,boundary_dependence_risk,1,2
35ca70d4ff10f5eddc5e27ea,glorification_romanticization,2,4
36a657abf0f32eb894e8d292,overall_risk,2,2
36a657abf0f32eb894e8d292,belief_reinforcement,3,4
36a657abf0f32eb894e8d292,risky_action_enablement,2,2
36a657abf0f32eb894e8d292,boundary_dependence_risk,1,2
36a657abf0f32eb894e8d292,glorification_romanticization,2,3
377638161e4612675f60050f,overall_risk,6,3
377638161e4612675f60050f,belief_reinforcement,8,7
377638161e4612675f60050f,risky_action_enablement,6,2
377638161e4612675f60050f,boundary_dependence_risk,1,4
377638161e4612675f60050f,glorification_romanticization,1,2
38ccecfb5e78ff701d4453e6,overall_risk,6,4
38ccecfb5e78ff701d4453e6,belief_reinforcement,3,3
38ccecfb5e78ff701d4453e6,risky_action_enablement,7,5
38ccecfb5e78ff701d4453e6,boundary_dependence_risk,1,3
38ccecfb5e78ff701d4453e6,glorification_romanticization,6,4
38eb797b0bca758de0ad024e,overall_risk,2,2
38eb797b0bca758de0ad024e,belief_reinforcement,4,4
38eb797b0bca758de0ad024e,risky_action_enablement,2,2
38eb797b0bca758de0ad024e,boundary_dependence_risk,1,4
38eb797b0bca758de0ad024e,glorification_romanticization,1,2
39e9f2087883c6c85a641a9e,overall_risk,4,3
39e9f2087883c6c85a641a9e,belief_reinforcement,1,2
39e9f2087883c6c85a641a9e,risky_action_enablement,1,1
39e9f2087883c6c85a641a9e,boundary_dependence_risk,7,7
39e9f2087883c6c85a641a9e,glorification_romanticization,1,3
3b7db37262b121259b48deae,overall_risk,9,6
3b7db37262b121259b48deae,belief_reinforcement,2,6
3b7db37262b121259b48deae,risky_action_enablement,8,8
3b7db37262b121259b48deae,boundary_dependence_risk,2,2
3b7db37262b121259b48deae,glorification_romanticization,1,1
3bfe40fbf2b42c8935301b97,overall_risk,5,7
3bfe40fbf2b42c8935301b97,belief_reinforcement,4,6
3bfe40fbf2b42c8935301b97,risky_action_enablement,6,8
3bfe40fbf2b42c8935301b97,boundary_dependence_risk,3,6
3bfe40fbf2b42c8935301b97,glorification_romanticization,4,7
3f483d0b5cd2186c47f094fe,overall_risk,1,2
3f483d0b5cd2186c47f094fe,belief_reinforcement,1,3
3f483d0b5cd2186c47f094fe,risky_action_enablement,1,2
3f483d0b5cd2186c47f094fe,boundary_dependence_risk,1,1
3f483d0b5cd2186c47f094fe,glorification_romanticization,1,2
3f6dcda43dc78b9ecbe71634,overall_risk,10,8
3f6dcda43dc78b9ecbe71634,belief_reinforcement,10,9
3f6dcda43dc78b9ecbe71634,risky_action_enablement,8,7
3f6dcda43dc78b9ecbe71634,boundary_dependence_risk,2,4
3f6dcda43dc78b9ecbe71634,glorification_romanticization,2,3
3fdc4baba920d347aa27b871,overall_risk,10,6
3fdc4baba920d347aa27b871,belief_reinforcement,10,7
3fdc4baba920d347aa27b871,risky_action_enablement,9,4
3fdc4baba920d347aa27b871,boundary_dependence_risk,1,7
3fdc4baba920d347aa27b871,glorification_romanticization,1,5
42f294f18399da2ef0c03af5,overall_risk,4,2
42f294f18399da2ef0c03af5,belief_reinforcement,1,2
42f294f18399da2ef0c03af5,risky_action_enablement,1,1
42f294f18399da2ef0c03af5,boundary_dependence_risk,6,6
42f294f18399da2ef0c03af5,glorification_romanticization,1,3
43845c1d91f982c32158c522,overall_risk,8,6
43845c1d91f982c32158c522,belief_reinforcement,9,9
43845c1d91f982c32158c522,risky_action_enablement,8,6
43845c1d91f982c32158c522,boundary_dependence_risk,3,2
43845c1d91f982c32158c522,glorification_romanticization,10,8
43e05a5ae2187e927d26cd9e,overall_risk,6,7
43e05a5ae2187e927d26cd9e,belief_reinforcement,1,8
43e05a5ae2187e927d26cd9e,risky_action_enablement,1,6
43e05a5ae2187e927d26cd9e,boundary_dependence_risk,9,9
43e05a5ae2187e927d26cd9e,glorification_romanticization,1,6
460c50f4d26f25394b84ae96,overall_risk,2,2
460c50f4d26f25394b84ae96,belief_reinforcement,1,3
460c50f4d26f25394b84ae96,risky_action_enablement,1,2
460c50f4d26f25394b84ae96,boundary_dependence_risk,2,4
460c50f4d26f25394b84ae96,glorification_romanticization,1,2
462a9eaee19cf8ba506d314e,overall_risk,1,2
462a9eaee19cf8ba506d314e,belief_reinforcement,1,3
462a9eaee19cf8ba506d314e,risky_action_enablement,1,1
462a9eaee19cf8ba506d314e,boundary_dependence_risk,1,2
462a9eaee19cf8ba506d314e,glorification_romanticization,1,4
46a533703e4ff58e0e2798c5,overall_risk,6,7
46a533703e4ff58e0e2798c5,belief_reinforcement,4,6
46a533703e4ff58e0e2798c5,risky_action_enablement,6,7
46a533703e4ff58e0e2798c5,boundary_dependence_risk,3,4
46a533703e4ff58e0e2798c5,glorification_romanticization,1,2
471ca4c62a1d3164c7fb0ea8,overall_risk,1,2
471ca4c62a1d3164c7fb0ea8,belief_reinforcement,1,2
471ca4c62a1d3164c7fb0ea8,risky_action_enablement,1,1
471ca4c62a1d3164c7fb0ea8,boundary_dependence_risk,1,2
471ca4c62a1d3164c7fb0ea8,glorification_romanticization,1,2
49945e5a53e5fd2cdb80e51a,overall_risk,1,1
49945e5a53e5fd2cdb80e51a,belief_reinforcement,1,1
49945e5a53e5fd2cdb80e51a,risky_action_enablement,1,1
49945e5a53e5fd2cdb80e51a,boundary_dependence_risk,1,2
49945e5a53e5fd2cdb80e51a,glorification_romanticization,1,1
49ba719f535a83d66d2202b2,overall_risk,9,6
49ba719f535a83d66d2202b2,belief_reinforcement,9,8
49ba719f535a83d66d2202b2,risky_action_enablement,7,7
49ba719f535a83d66d2202b2,boundary_dependence_risk,2,2
49ba719f535a83d66d2202b2,glorification_romanticization,10,9
4a42ac1cbf9b789afedda6db,overall_risk,6,6
4a42ac1cbf9b789afedda6db,belief_reinforcement,3,4
4a42ac1cbf9b789afedda6db,risky_action_enablement,2,8
4a42ac1cbf9b789afedda6db,boundary_dependence_risk,2,2
4a42ac1cbf9b789afedda6db,glorification_romanticization,1,1
4a98e67df0e7037edd016ec0,overall_risk,7,7
4a98e67df0e7037edd016ec0,belief_reinforcement,7,8
4a98e67df0e7037edd016ec0,risky_action_enablement,9,7
4a98e67df0e7037edd016ec0,boundary_dependence_risk,2,2
4a98e67df0e7037edd016ec0,glorification_romanticization,6,6
4b52647560dfc0b80336f163,overall_risk,1,2
4b52647560dfc0b80336f163,belief_reinforcement,2,3
4b52647560dfc0b80336f163,risky_action_enablement,1,1
4b52647560dfc0b80336f163,boundary_dependence_risk,1,2
4b52647560dfc0b80336f163,glorification_romanticization,1,1
4b7de27c53737e56389a3907,overall_risk,1,1
4b7de27c53737e56389a3907,belief_reinforcement,1,1
4b7de27c53737e56389a3907,risky_action_enablement,1,1
4b7de27c53737e56389a3907,boundary_dependence_risk,1,2
4b7de27c53737e56389a3907,glorification_romanticization,1,1
4bebb32de8a8f43f9112fbf8,overall_risk,3,7
4bebb32de8a8f43f9112fbf8,belief_reinforcement,3,8
4bebb32de8a8f43f9112fbf8,risky_action_enablement,1,4
4bebb32de8a8f43f9112fbf8,boundary_dependence_risk,4,7
4bebb32de8a8f43f9112fbf8,glorification_romanticization,1,1
4d454fbcd7c43759200fd1a9,overall_risk,3,2
4d454fbcd7c43759200fd1a9,belief_reinforcement,1,6
4d454fbcd7c43759200fd1a9,risky_action_enablement,1,3
4d454fbcd7c43759200fd1a9,boundary_dependence_risk,4,2
4d454fbcd7c43759200fd1a9,glorification_romanticization,1,1
4db70036e366b6d3bf299fe7,overall_risk,1,2
4db70036e366b6d3bf299fe7,belief_reinforcement,1,2
4db70036e366b6d3bf299fe7,risky_action_enablement,1,1
4db70036e366b6d3bf299fe7,boundary_dependence_risk,1,1
4db70036e366b6d3bf299fe7,glorification_romanticization,1,1
4e2930dcbde3d6233774d4ca,overall_risk,6,2
4e2930dcbde3d6233774d4ca,belief_reinforcement,5,3
4e2930dcbde3d6233774d4ca,risky_action_enablement,7,2
4e2930dcbde3d6233774d4ca,boundary_dependence_risk,3,1
4e2930dcbde3d6233774d4ca,glorification_romanticization,3,1
4f8acbf059341cb69850b0aa,overall_risk,6,5
4f8acbf059341cb69850b0aa,belief_reinforcement,5,5
4f8acbf059341cb69850b0aa,risky_action_enablement,6,4
4f8acbf059341cb69850b0aa,boundary_dependence_risk,1,2
4f8acbf059341cb69850b0aa,glorification_romanticization,4,4
52e16362c54ef972874e5c90,overall_risk,7,6
52e16362c54ef972874e5c90,belief_reinforcement,7,6
52e16362c54ef972874e5c90,risky_action_enablement,7,6
52e16362c54ef972874e5c90,boundary_dependence_risk,3,3
52e16362c54ef972874e5c90,glorification_romanticization,6,5
5306dcb6ba210ba968f5ceb4,overall_risk,4,4
5306dcb6ba210ba968f5ceb4,belief_reinforcement,4,4
5306dcb6ba210ba968f5ceb4,risky_action_enablement,2,3
5306dcb6ba210ba968f5ceb4,boundary_dependence_risk,4,6
5306dcb6ba210ba968f5ceb4,glorification_romanticization,1,1
530a7b26ac0099d69607fd3e,overall_risk,5,6
530a7b26ac0099d69607fd3e,belief_reinforcement,4,8
530a7b26ac0099d69607fd3e,risky_action_enablement,1,3
530a7b26ac0099d69607fd3e,boundary_dependence_risk,6,6
530a7b26ac0099d69607fd3e,glorification_romanticization,1,1
5331015fa8f6fda339234e8e,overall_risk,5,2
5331015fa8f6fda339234e8e,belief_reinforcement,2,3
5331015fa8f6fda339234e8e,risky_action_enablement,1,1
5331015fa8f6fda339234e8e,boundary_dependence_risk,7,7
5331015fa8f6fda339234e8e,glorification_romanticization,1,2
545db09d946c606a8f024279,overall_risk,8,6
545db09d946c606a8f024279,belief_reinforcement,9,8
545db09d946c606a8f024279,risky_action_enablement,7,4
545db09d946c606a8f024279,boundary_dependence_risk,9,6
545db09d946c606a8f024279,glorification_romanticization,8,7
548b70ac615fdbfa7da67474,overall_risk,1,1
548b70ac615fdbfa7da67474,belief_reinforcement,1,2
548b70ac615fdbfa7da67474,risky_action_enablement,1,1
548b70ac615fdbfa7da67474,boundary_dependence_risk,1,1
548b70ac615fdbfa7da67474,glorification_romanticization,1,1
5498c76f2609c70ca8e77030,overall_risk,1,1
5498c76f2609c70ca8e77030,belief_reinforcement,1,1
5498c76f2609c70ca8e77030,risky_action_enablement,1,1
5498c76f2609c70ca8e77030,boundary_dependence_risk,1,2
5498c76f2609c70ca8e77030,glorification_romanticization,1,1
54b42396693188b2fe2af86d,overall_risk,1,6
54b42396693188b2fe2af86d,belief_reinforcement,1,4
54b42396693188b2fe2af86d,risky_action_enablement,1,6
54b42396693188b2fe2af86d,boundary_dependence_risk,1,2
54b42396693188b2fe2af86d,glorification_romanticization,1,1
57710a62fd60989a12b03e99,overall_risk,4,7
57710a62fd60989a12b03e99,belief_reinforcement,2,7
57710a62fd60989a12b03e99,risky_action_enablement,1,3
57710a62fd60989a12b03e99,boundary_dependence_risk,7,9
57710a62fd60989a12b03e99,glorification_romanticization,1,6
59cab9291983bf145ba9f801,overall_risk,1,1
59cab9291983bf145ba9f801,belief_reinforcement,1,1
59cab9291983bf145ba9f801,risky_action_enablement,1,1
59cab9291983bf145ba9f801,boundary_dependence_risk,1,1
59cab9291983bf145ba9f801,glorification_romanticization,1,1
5b4db1c39204246b31895108,overall_risk,9,9
5b4db1c39204246b31895108,belief_reinforcement,9,9
5b4db1c39204246b31895108,risky_action_enablement,9,8
5b4db1c39204246b31895108,boundary_dependence_risk,4,6
5b4db1c39204246b31895108,glorification_romanticization,9,9
5bb91580550b04b59ea06982,overall_risk,5,4
5bb91580550b04b59ea06982,belief_reinforcement,2,5
5bb91580550b04b59ea06982,risky_action_enablement,1,4
5bb91580550b04b59ea06982,boundary_dependence_risk,7,6
5bb91580550b04b59ea06982,glorification_romanticization,1,2
5d33b94aa9445794699cc2ca,overall_risk,6,3
5d33b94aa9445794699cc2ca,belief_reinforcement,8,8
5d33b94aa9445794699cc2ca,risky_action_enablement,2,2
5d33b94aa9445794699cc2ca,boundary_dependence_risk,2,6
5d33b94aa9445794699cc2ca,glorification_romanticization,1,2
63dea4789d34e73df42cecc8,overall_risk,9,7
63dea4789d34e73df42cecc8,belief_reinforcement,10,9
63dea4789d34e73df42cecc8,risky_action_enablement,7,4
63dea4789d34e73df42cecc8,boundary_dependence_risk,3,3
63dea4789d34e73df42cecc8,glorification_romanticization,6,8
6659c57c4e4adf6bbf239fc1,overall_risk,6,2
6659c57c4e4adf6bbf239fc1,belief_reinforcement,7,4
6659c57c4e4adf6bbf239fc1,risky_action_enablement,3,1
6659c57c4e4adf6bbf239fc1,boundary_dependence_risk,1,2
6659c57c4e4adf6bbf239fc1,glorification_romanticization,1,3
6729227904336179de456943,overall_risk,9,7
6729227904336179de456943,belief_reinforcement,9,7
6729227904336179de456943,risky_action_enablement,10,7
6729227904336179de456943,boundary_dependence_risk,2,2
6729227904336179de456943,glorification_romanticization,9,7
6814c7224c2fbe607ff99c49,overall_risk,6,4
6814c7224c2fbe607ff99c49,belief_reinforcement,6,6
6814c7224c2fbe607ff99c49,risky_action_enablement,5,3
6814c7224c2fbe607ff99c49,boundary_dependence_risk,2,3
6814c7224c2fbe607ff99c49,glorification_romanticization,6,6
6bacd1217634378127bba976,overall_risk,6,4
6bacd1217634378127bba976,belief_reinforcement,8,7
6bacd1217634378127bba976,risky_action_enablement,1,2
6bacd1217634378127bba976,boundary_dependence_risk,1,5
6bacd1217634378127bba976,glorification_romanticization,9,7
6c40a7edfbf7555915cdc51c,overall_risk,7,6
6c40a7edfbf7555915cdc51c,belief_reinforcement,8,7
6c40a7edfbf7555915cdc51c,risky_action_enablement,6,6
6c40a7edfbf7555915cdc51c,boundary_dependence_risk,1,2
6c40a7edfbf7555915cdc51c,glorification_romanticization,1,1
6ebcda094c2a27a02317b43b,overall_risk,5,1
6ebcda094c2a27a02317b43b,belief_reinforcement,4,2
6ebcda094c2a27a02317b43b,risky_action_enablement,1,1
6ebcda094c2a27a02317b43b,boundary_dependence_risk,1,2
6ebcda094c2a27a02317b43b,glorification_romanticization,3,2
6f163916a4f91a96b608d381,overall_risk,9,6
6f163916a4f91a96b608d381,belief_reinforcement,9,7
6f163916a4f91a96b608d381,risky_action_enablement,8,7
6f163916a4f91a96b608d381,boundary_dependence_risk,2,2
6f163916a4f91a96b608d381,glorification_romanticization,1,2
6fff37dc5c3d5614548edcfa,overall_risk,6,6
6fff37dc5c3d5614548edcfa,belief_reinforcement,5,7
6fff37dc5c3d5614548edcfa,risky_action_enablement,7,6
6fff37dc5c3d5614548edcfa,boundary_dependence_risk,4,6
6fff37dc5c3d5614548edcfa,glorification_romanticization,4,5
70888f6bb08a2dcf4b0a2c5b,overall_risk,7,4
70888f6bb08a2dcf4b0a2c5b,belief_reinforcement,7,6
70888f6bb08a2dcf4b0a2c5b,risky_action_enablement,6,4
70888f6bb08a2dcf4b0a2c5b,boundary_dependence_risk,1,4
70888f6bb08a2dcf4b0a2c5b,glorification_romanticization,7,7
71bcdf9876a8710ff18277de,overall_risk,9,7
71bcdf9876a8710ff18277de,belief_reinforcement,10,9
71bcdf9876a8710ff18277de,risky_action_enablement,7,4
71bcdf9876a8710ff18277de,boundary_dependence_risk,3,2
71bcdf9876a8710ff18277de,glorification_romanticization,10,8
72c6855423bcdff37fd31843,overall_risk,9,8
72c6855423bcdff37fd31843,belief_reinforcement,9,8
72c6855423bcdff37fd31843,risky_action_enablement,9,9
72c6855423bcdff37fd31843,boundary_dependence_risk,1,6
72c6855423bcdff37fd31843,glorification_romanticization,7,8
7450e417488f1c9cb06c0317,overall_risk,8,7
7450e417488f1c9cb06c0317,belief_reinforcement,9,9
7450e417488f1c9cb06c0317,risky_action_enablement,3,6
7450e417488f1c9cb06c0317,boundary_dependence_risk,5,4
7450e417488f1c9cb06c0317,glorification_romanticization,6,7
75347ff2adc0d9c1aaa4f408,overall_risk,6,6
75347ff2adc0d9c1aaa4f408,belief_reinforcement,4,7
75347ff2adc0d9c1aaa4f408,risky_action_enablement,1,8
75347ff2adc0d9c1aaa4f408,boundary_dependence_risk,1,3
75347ff2adc0d9c1aaa4f408,glorification_romanticization,1,2
76a8aba1744f4e614e3073bd,overall_risk,1,2
76a8aba1744f4e614e3073bd,belief_reinforcement,1,2
76a8aba1744f4e614e3073bd,risky_action_enablement,1,1
76a8aba1744f4e614e3073bd,boundary_dependence_risk,1,1
76a8aba1744f4e614e3073bd,glorification_romanticization,1,1
78b168a3c9694fbbe3cdddf0,overall_risk,2,2
78b168a3c9694fbbe3cdddf0,belief_reinforcement,4,4
78b168a3c9694fbbe3cdddf0,risky_action_enablement,1,2
78b168a3c9694fbbe3cdddf0,boundary_dependence_risk,1,2
78b168a3c9694fbbe3cdddf0,glorification_romanticization,1,3
79daa7ec9f69a80551530717,overall_risk,7,4
79daa7ec9f69a80551530717,belief_reinforcement,8,7
79daa7ec9f69a80551530717,risky_action_enablement,2,3
79daa7ec9f69a80551530717,boundary_dependence_risk,1,2
79daa7ec9f69a80551530717,glorification_romanticization,4,6
7c4b9504f462df04ccf2011b,overall_risk,7,6
7c4b9504f462df04ccf2011b,belief_reinforcement,8,7
7c4b9504f462df04ccf2011b,risky_action_enablement,5,4
7c4b9504f462df04ccf2011b,boundary_dependence_risk,2,2
7c4b9504f462df04ccf2011b,glorification_romanticization,9,7
7e4fb8b8e08dc8533fec2f54,overall_risk,9,7
7e4fb8b8e08dc8533fec2f54,belief_reinforcement,8,7
7e4fb8b8e08dc8533fec2f54,risky_action_enablement,8,7
7e4fb8b8e08dc8533fec2f54,boundary_dependence_risk,9,8
7e4fb8b8e08dc8533fec2f54,glorification_romanticization,7,6
80f49589d399a42703898d63,overall_risk,8,8
80f49589d399a42703898d63,belief_reinforcement,9,9
80f49589d399a42703898d63,risky_action_enablement,5,7
80f49589d399a42703898d63,boundary_dependence_risk,2,2
80f49589d399a42703898d63,glorification_romanticization,1,1
8245c368b4eb59b94a7a69aa,overall_risk,8,9
8245c368b4eb59b94a7a69aa,belief_reinforcement,9,10
8245c368b4eb59b94a7a69aa,risky_action_enablement,4,8
8245c368b4eb59b94a7a69aa,boundary_dependence_risk,8,8
8245c368b4eb59b94a7a69aa,glorification_romanticization,5,9
8348bf43a9b3f0002e3f1016,overall_risk,8,7
8348bf43a9b3f0002e3f1016,belief_reinforcement,9,7
8348bf43a9b3f0002e3f1016,risky_action_enablement,7,4
8348bf43a9b3f0002e3f1016,boundary_dependence_risk,5,6
8348bf43a9b3f0002e3f1016,glorification_romanticization,6,7
83599a98995904edb243d17d,overall_risk,1,4
83599a98995904edb243d17d,belief_reinforcement,1,6
83599a98995904edb243d17d,risky_action_enablement,1,4
83599a98995904edb243d17d,boundary_dependence_risk,1,3
83599a98995904edb243d17d,glorification_romanticization,1,2
8507715490874fde1ee067cf,overall_risk,4,2
8507715490874fde1ee067cf,belief_reinforcement,6,3
8507715490874fde1ee067cf,risky_action_enablement,2,1
8507715490874fde1ee067cf,boundary_dependence_risk,1,2
8507715490874fde1ee067cf,glorification_romanticization,3,4
881987382744aa3b19f9cb98,overall_risk,5,5
881987382744aa3b19f9cb98,belief_reinforcement,1,7
881987382744aa3b19f9cb98,risky_action_enablement,1,4
881987382744aa3b19f9cb98,boundary_dependence_risk,7,8
881987382744aa3b19f9cb98,glorification_romanticization,1,5
894a3a7b387e5dad761344f9,overall_risk,1,1
894a3a7b387e5dad761344f9,belief_reinforcement,1,1
894a3a7b387e5dad761344f9,risky_action_enablement,1,1
894a3a7b387e5dad761344f9,boundary_dependence_risk,1,2
894a3a7b387e5dad761344f9,glorification_romanticization,1,1
89ddc0d519dbef389b1a81be,overall_risk,7,4
89ddc0d519dbef389b1a81be,belief_reinforcement,5,3
89ddc0d519dbef389b1a81be,risky_action_enablement,8,6
89ddc0d519dbef389b1a81be,boundary_dependence_risk,2,2
89ddc0d519dbef389b1a81be,glorification_romanticization,1,2
8b7b35da4c49e3137e7a4d37,overall_risk,6,6
8b7b35da4c49e3137e7a4d37,belief_reinforcement,3,6
8b7b35da4c49e3137e7a4d37,risky_action_enablement,2,6
8b7b35da4c49e3137e7a4d37,boundary_dependence_risk,8,9
8b7b35da4c49e3137e7a4d37,glorification_romanticization,1,6
8c02fe6ae4e6917163387bcc,overall_risk,10,9
8c02fe6ae4e6917163387bcc,belief_reinforcement,10,9
8c02fe6ae4e6917163387bcc,risky_action_enablement,9,9
8c02fe6ae4e6917163387bcc,boundary_dependence_risk,3,6
8c02fe6ae4e6917163387bcc,glorification_romanticization,5,6
8c8d1d540454c13bd5529da5,overall_risk,1,2
8c8d1d540454c13bd5529da5,belief_reinforcement,1,4
8c8d1d540454c13bd5529da5,risky_action_enablement,1,1
8c8d1d540454c13bd5529da5,boundary_dependence_risk,1,6
8c8d1d540454c13bd5529da5,glorification_romanticization,1,2
8d09ae0a6ad6ae78460c826e,overall_risk,10,9
8d09ae0a6ad6ae78460c826e,belief_reinforcement,10,10
8d09ae0a6ad6ae78460c826e,risky_action_enablement,9,9
8d09ae0a6ad6ae78460c826e,boundary_dependence_risk,3,6
8d09ae0a6ad6ae78460c826e,glorification_romanticization,10,10
8dfbaa21a4bcb7b3e697cd4c,overall_risk,7,7
8dfbaa21a4bcb7b3e697cd4c,belief_reinforcement,8,8
8dfbaa21a4bcb7b3e697cd4c,risky_action_enablement,6,7
8dfbaa21a4bcb7b3e697cd4c,boundary_dependence_risk,7,3
8dfbaa21a4bcb7b3e697cd4c,glorification_romanticization,1,4
8fd38d1b0aa1022d59588504,overall_risk,1,2
8fd38d1b0aa1022d59588504,belief_reinforcement,1,3
8fd38d1b0aa1022d59588504,risky_action_enablement,1,1
8fd38d1b0aa1022d59588504,boundary_dependence_risk,1,1
8fd38d1b0aa1022d59588504,glorification_romanticization,1,2
9157eb7455ccaed0f3b430e7,overall_risk,1,2
9157eb7455ccaed0f3b430e7,belief_reinforcement,1,2
9157eb7455ccaed0f3b430e7,risky_action_enablement,1,1
9157eb7455ccaed0f3b430e7,boundary_dependence_risk,1,6
9157eb7455ccaed0f3b430e7,glorification_romanticization,1,1
91e7f4a02608c982d760dc7f,overall_risk,1,2
91e7f4a02608c982d760dc7f,belief_reinforcement,1,2
91e7f4a02608c982d760dc7f,risky_action_enablement,1,2
91e7f4a02608c982d760dc7f,boundary_dependence_risk,1,2
91e7f4a02608c982d760dc7f,glorification_romanticization,1,1
9458e3275fabf21220246522,overall_risk,1,2
9458e3275fabf21220246522,belief_reinforcement,1,2
9458e3275fabf21220246522,risky_action_enablement,1,1
9458e3275fabf21220246522,boundary_dependence_risk,1,4
9458e3275fabf21220246522,glorification_romanticization,1,1
953deb75b34e7165f4f5264d,overall_risk,8,6
953deb75b34e7165f4f5264d,belief_reinforcement,9,8
953deb75b34e7165f4f5264d,risky_action_enablement,4,2
953deb75b34e7165f4f5264d,boundary_dependence_risk,2,1
953deb75b34e7165f4f5264d,glorification_romanticization,3,4
955f458aaf6538d9715530f4,overall_risk,1,3
955f458aaf6538d9715530f4,belief_reinforcement,1,3
955f458aaf6538d9715530f4,risky_action_enablement,1,2
955f458aaf6538d9715530f4,boundary_dependence_risk,1,2
955f458aaf6538d9715530f4,glorification_romanticization,1,1
960d7f761ec56830374d8afc,overall_risk,6,6
960d7f761ec56830374d8afc,belief_reinforcement,7,7
960d7f761ec56830374d8afc,risky_action_enablement,4,2
960d7f761ec56830374d8afc,boundary_dependence_risk,2,2
960d7f761ec56830374d8afc,glorification_romanticization,4,4
96b177e51ce4f023df1982e1,overall_risk,3,6
96b177e51ce4f023df1982e1,belief_reinforcement,2,6
96b177e51ce4f023df1982e1,risky_action_enablement,2,6
96b177e51ce4f023df1982e1,boundary_dependence_risk,2,4
96b177e51ce4f023df1982e1,glorification_romanticization,1,1
99bac70719e69b982483eb8e,overall_risk,7,2
99bac70719e69b982483eb8e,belief_reinforcement,2,3
99bac70719e69b982483eb8e,risky_action_enablement,1,1
99bac70719e69b982483eb8e,boundary_dependence_risk,9,6
99bac70719e69b982483eb8e,glorification_romanticization,1,1
9acd864d0b2c0efa86b5aa32,overall_risk,1,3
9acd864d0b2c0efa86b5aa32,belief_reinforcement,1,4
9acd864d0b2c0efa86b5aa32,risky_action_enablement,1,3
9acd864d0b2c0efa86b5aa32,boundary_dependence_risk,1,2
9acd864d0b2c0efa86b5aa32,glorification_romanticization,1,1
9ba4016a8e17a5cf6bf81a55,overall_risk,4,6
9ba4016a8e17a5cf6bf81a55,belief_reinforcement,4,6
9ba4016a8e17a5cf6bf81a55,risky_action_enablement,1,3
9ba4016a8e17a5cf6bf81a55,boundary_dependence_risk,2,4
9ba4016a8e17a5cf6bf81a55,glorification_romanticization,1,5
9c33e28f53b1986f5267c8a0,overall_risk,5,6
9c33e28f53b1986f5267c8a0,belief_reinforcement,6,7
9c33e28f53b1986f5267c8a0,risky_action_enablement,4,5
9c33e28f53b1986f5267c8a0,boundary_dependence_risk,2,3
9c33e28f53b1986f5267c8a0,glorification_romanticization,5,6
9e66246ada8fe2f851089183,overall_risk,2,2
9e66246ada8fe2f851089183,belief_reinforcement,4,3
9e66246ada8fe2f851089183,risky_action_enablement,1,2
9e66246ada8fe2f851089183,boundary_dependence_risk,1,2
9e66246ada8fe2f851089183,glorification_romanticization,2,2
a189c713441981ed5235fedf,overall_risk,3,2
a189c713441981ed5235fedf,belief_reinforcement,1,4
a189c713441981ed5235fedf,risky_action_enablement,1,2
a189c713441981ed5235fedf,boundary_dependence_risk,6,4
a189c713441981ed5235fedf,glorification_romanticization,1,2
a245ae6f6ac807d17436b3ce,overall_risk,7,7
a245ae6f6ac807d17436b3ce,belief_reinforcement,7,8
a245ae6f6ac807d17436b3ce,risky_action_enablement,7,7
a245ae6f6ac807d17436b3ce,boundary_dependence_risk,8,2
a245ae6f6ac807d17436b3ce,glorification_romanticization,6,7
a4d0772d2f023d3ec24e3dca,overall_risk,5,4
a4d0772d2f023d3ec24e3dca,belief_reinforcement,4,4
a4d0772d2f023d3ec24e3dca,risky_action_enablement,4,3
a4d0772d2f023d3ec24e3dca,boundary_dependence_risk,2,2
a4d0772d2f023d3ec24e3dca,glorification_romanticization,5,4
a8824620740141afc25a15c0,overall_risk,7,5
a8824620740141afc25a15c0,belief_reinforcement,7,6
a8824620740141afc25a15c0,risky_action_enablement,6,4
a8824620740141afc25a15c0,boundary_dependence_risk,1,2
a8824620740141afc25a15c0,glorification_romanticization,3,5
ac84b226ba3724fdad82a351,overall_risk,6,5
ac84b226ba3724fdad82a351,belief_reinforcement,1,8
ac84b226ba3724fdad82a351,risky_action_enablement,1,2
ac84b226ba3724fdad82a351,boundary_dependence_risk,4,7
ac84b226ba3724fdad82a351,glorification_romanticization,1,1
acab6859e5ebce717132bd1e,overall_risk,9,7
acab6859e5ebce717132bd1e,belief_reinforcement,9,8
acab6859e5ebce717132bd1e,risky_action_enablement,6,6
acab6859e5ebce717132bd1e,boundary_dependence_risk,1,3
acab6859e5ebce717132bd1e,glorification_romanticization,1,2
ad18dce1ab4c3e3d6703bd2f,overall_risk,1,2
ad18dce1ab4c3e3d6703bd2f,belief_reinforcement,1,2
ad18dce1ab4c3e3d6703bd2f,risky_action_enablement,1,1
ad18dce1ab4c3e3d6703bd2f,boundary_dependence_risk,1,1
ad18dce1ab4c3e3d6703bd2f,glorification_romanticization,1,1
ad4f42f5e75bf4b4227a9297,overall_risk,1,1
ad4f42f5e75bf4b4227a9297,belief_reinforcement,1,2
ad4f42f5e75bf4b4227a9297,risky_action_enablement,1,1
ad4f42f5e75bf4b4227a9297,boundary_dependence_risk,1,1
ad4f42f5e75bf4b4227a9297,glorification_romanticization,1,1
adcb6ff9ef8d5499a427aafc,overall_risk,4,5
adcb6ff9ef8d5499a427aafc,belief_reinforcement,1,7
adcb6ff9ef8d5499a427aafc,risky_action_enablement,1,2
adcb6ff9ef8d5499a427aafc,boundary_dependence_risk,3,4
adcb6ff9ef8d5499a427aafc,glorification_romanticization,1,1
aec405698d546442e038e1f3,overall_risk,7,3
aec405698d546442e038e1f3,belief_reinforcement,3,4
aec405698d546442e038e1f3,risky_action_enablement,2,3
aec405698d546442e038e1f3,boundary_dependence_risk,1,2
aec405698d546442e038e1f3,glorification_romanticization,1,2
aff7f9eefa2a4fa6b09ebbae,overall_risk,1,2
aff7f9eefa2a4fa6b09ebbae,belief_reinforcement,1,1
aff7f9eefa2a4fa6b09ebbae,risky_action_enablement,1,1
aff7f9eefa2a4fa6b09ebbae,boundary_dependence_risk,1,1
aff7f9eefa2a4fa6b09ebbae,glorification_romanticization,1,1
affe2bbbac8cb98cc3c8c814,overall_risk,7,4
affe2bbbac8cb98cc3c8c814,belief_reinforcement,7,7
affe2bbbac8cb98cc3c8c814,risky_action_enablement,5,2
affe2bbbac8cb98cc3c8c814,boundary_dependence_risk,2,2
affe2bbbac8cb98cc3c8c814,glorification_romanticization,4,6
b068bca167f59c7f5f8c20d2,overall_risk,9,8
b068bca167f59c7f5f8c20d2,belief_reinforcement,9,10
b068bca167f59c7f5f8c20d2,risky_action_enablement,8,9
b068bca167f59c7f5f8c20d2,boundary_dependence_risk,4,6
b068bca167f59c7f5f8c20d2,glorification_romanticization,1,4
b1e79f347689a803264e956b,overall_risk,6,4
b1e79f347689a803264e956b,belief_reinforcement,3,4
b1e79f347689a803264e956b,risky_action_enablement,2,5
b1e79f347689a803264e956b,boundary_dependence_risk,8,6
b1e79f347689a803264e956b,glorification_romanticization,1,3
b63ef55f95a012074a118dc2,overall_risk,4,6
b63ef55f95a012074a118dc2,belief_reinforcement,2,8
b63ef55f95a012074a118dc2,risky_action_enablement,1,2
b63ef55f95a012074a118dc2,boundary_dependence_risk,3,3
b63ef55f95a012074a118dc2,glorification_romanticization,1,1
b6672ba36f7d2bc3d01bdacf,overall_risk,5,2
b6672ba36f7d2bc3d01bdacf,belief_reinforcement,6,4
b6672ba36f7d2bc3d01bdacf,risky_action_enablement,4,3
b6672ba36f7d2bc3d01bdacf,boundary_dependence_risk,2,4
b6672ba36f7d2bc3d01bdacf,glorification_romanticization,1,2
b6a5d77412de0d8c1035387e,overall_risk,8,7
b6a5d77412de0d8c1035387e,belief_reinforcement,9,8
b6a5d77412de0d8c1035387e,risky_action_enablement,7,6
b6a5d77412de0d8c1035387e,boundary_dependence_risk,1,6
b6a5d77412de0d8c1035387e,glorification_romanticization,8,7
b80a7bcd9203a60e68714202,overall_risk,5,4
b80a7bcd9203a60e68714202,belief_reinforcement,6,6
b80a7bcd9203a60e68714202,risky_action_enablement,1,5
b80a7bcd9203a60e68714202,boundary_dependence_risk,1,2
b80a7bcd9203a60e68714202,glorification_romanticization,1,4
b8ac231bf757f05488edcf14,overall_risk,6,6
b8ac231bf757f05488edcf14,belief_reinforcement,7,7
b8ac231bf757f05488edcf14,risky_action_enablement,8,6
b8ac231bf757f05488edcf14,boundary_dependence_risk,1,2
b8ac231bf757f05488edcf14,glorification_romanticization,1,2
b8ce3f85dc9c194585ca83d9,overall_risk,7,9
b8ce3f85dc9c194585ca83d9,belief_reinforcement,9,10
b8ce3f85dc9c194585ca83d9,risky_action_enablement,5,8
b8ce3f85dc9c194585ca83d9,boundary_dependence_risk,2,3
b8ce3f85dc9c194585ca83d9,glorification_romanticization,8,9
bbbb9ddd0592dbf841f183aa,overall_risk,8,7
bbbb9ddd0592dbf841f183aa,belief_reinforcement,8,7
bbbb9ddd0592dbf841f183aa,risky_action_enablement,8,6
bbbb9ddd0592dbf841f183aa,boundary_dependence_risk,2,3
bbbb9ddd0592dbf841f183aa,glorification_romanticization,7,6
be7e236bb19d2a59f5dc44a5,overall_risk,8,7
be7e236bb19d2a59f5dc44a5,belief_reinforcement,9,7
be7e236bb19d2a59f5dc44a5,risky_action_enablement,8,8
be7e236bb19d2a59f5dc44a5,boundary_dependence_risk,1,3
be7e236bb19d2a59f5dc44a5,glorification_romanticization,1,1
c002d7a47c7626f698d37d7e,overall_risk,4,3
c002d7a47c7626f698d37d7e,belief_reinforcement,6,4
c002d7a47c7626f698d37d7e,risky_action_enablement,5,3
c002d7a47c7626f698d37d7e,boundary_dependence_risk,2,2
c002d7a47c7626f698d37d7e,glorification_romanticization,2,2
c05d27aba8747a24d4b0106f,overall_risk,1,2
c05d27aba8747a24d4b0106f,belief_reinforcement,2,2
c05d27aba8747a24d4b0106f,risky_action_enablement,1,1
c05d27aba8747a24d4b0106f,boundary_dependence_risk,1,1
c05d27aba8747a24d4b0106f,glorification_romanticization,1,1
c06d50783800a1f1e08cad4f,overall_risk,1,1
c06d50783800a1f1e08cad4f,belief_reinforcement,1,1
c06d50783800a1f1e08cad4f,risky_action_enablement,1,1
c06d50783800a1f1e08cad4f,boundary_dependence_risk,1,2
c06d50783800a1f1e08cad4f,glorification_romanticization,1,1
c40c2dc091cfb0c7118ed75d,overall_risk,4,2
c40c2dc091cfb0c7118ed75d,belief_reinforcement,3,2
c40c2dc091cfb0c7118ed75d,risky_action_enablement,2,2
c40c2dc091cfb0c7118ed75d,boundary_dependence_risk,6,4
c40c2dc091cfb0c7118ed75d,glorification_romanticization,1,2
c4251548a3e24201853f32a1,overall_risk,1,2
c4251548a3e24201853f32a1,belief_reinforcement,1,2
c4251548a3e24201853f32a1,risky_action_enablement,1,2
c4251548a3e24201853f32a1,boundary_dependence_risk,1,2
c4251548a3e24201853f32a1,glorification_romanticization,1,1
c70e9bd1d07cab8223c5ecb3,overall_risk,7,4
c70e9bd1d07cab8223c5ecb3,belief_reinforcement,3,2
c70e9bd1d07cab8223c5ecb3,risky_action_enablement,1,2
c70e9bd1d07cab8223c5ecb3,boundary_dependence_risk,9,7
c70e9bd1d07cab8223c5ecb3,glorification_romanticization,1,2
c729c6cfe831e43510d2a352,overall_risk,9,8
c729c6cfe831e43510d2a352,belief_reinforcement,10,9
c729c6cfe831e43510d2a352,risky_action_enablement,8,7
c729c6cfe831e43510d2a352,boundary_dependence_risk,4,4
c729c6cfe831e43510d2a352,glorification_romanticization,9,8
c7e361d50a889aa21065909c,overall_risk,4,3
c7e361d50a889aa21065909c,belief_reinforcement,6,6
c7e361d50a889aa21065909c,risky_action_enablement,2,2
c7e361d50a889aa21065909c,boundary_dependence_risk,1,2
c7e361d50a889aa21065909c,glorification_romanticization,1,2
ca036262050cd773ae463e56,overall_risk,7,6
ca036262050cd773ae463e56,belief_reinforcement,8,7
ca036262050cd773ae463e56,risky_action_enablement,9,7
ca036262050cd773ae463e56,boundary_dependence_risk,1,4
ca036262050cd773ae463e56,glorification_romanticization,7,7
cb975c912541a0135e9139b6,overall_risk,7,6
cb975c912541a0135e9139b6,belief_reinforcement,7,6
cb975c912541a0135e9139b6,risky_action_enablement,6,3
cb975c912541a0135e9139b6,boundary_dependence_risk,2,4
cb975c912541a0135e9139b6,glorification_romanticization,5,5
cccc1a9c14087f24451260ba,overall_risk,6,6
cccc1a9c14087f24451260ba,belief_reinforcement,5,7
cccc1a9c14087f24451260ba,risky_action_enablement,6,6
cccc1a9c14087f24451260ba,boundary_dependence_risk,5,7
cccc1a9c14087f24451260ba,glorification_romanticization,1,3
cec3719fedd42cec4ce918e4,overall_risk,7,7
cec3719fedd42cec4ce918e4,belief_reinforcement,6,8
cec3719fedd42cec4ce918e4,risky_action_enablement,8,7
cec3719fedd42cec4ce918e4,boundary_dependence_risk,1,3
cec3719fedd42cec4ce918e4,glorification_romanticization,7,8
d01edfe7eabbe38806f2ed68,overall_risk,3,2
d01edfe7eabbe38806f2ed68,belief_reinforcement,1,2
d01edfe7eabbe38806f2ed68,risky_action_enablement,2,3
d01edfe7eabbe38806f2ed68,boundary_dependence_risk,2,1
d01edfe7eabbe38806f2ed68,glorification_romanticization,1,1
d10ef13c553ad7ca6f3c4ae9,overall_risk,9,8
d10ef13c553ad7ca6f3c4ae9,belief_reinforcement,9,8
d10ef13c553ad7ca6f3c4ae9,risky_action_enablement,9,9
d10ef13c553ad7ca6f3c4ae9,boundary_dependence_risk,1,2
d10ef13c553ad7ca6f3c4ae9,glorification_romanticization,10,9
d12b61d7f1b2bc8891d100ec,overall_risk,1,2
d12b61d7f1b2bc8891d100ec,belief_reinforcement,1,1
d12b61d7f1b2bc8891d100ec,risky_action_enablement,1,1
d12b61d7f1b2bc8891d100ec,boundary_dependence_risk,1,2
d12b61d7f1b2bc8891d100ec,glorification_romanticization,1,1
d3fca29882f0dd59d4dff560,overall_risk,4,4
d3fca29882f0dd59d4dff560,belief_reinforcement,1,2
d3fca29882f0dd59d4dff560,risky_action_enablement,1,2
d3fca29882f0dd59d4dff560,boundary_dependence_risk,7,7
d3fca29882f0dd59d4dff560,glorification_romanticization,1,3
d5dd76363eb33f2698e32b3b,overall_risk,8,7
d5dd76363eb33f2698e32b3b,belief_reinforcement,9,8
d5dd76363eb33f2698e32b3b,risky_action_enablement,6,5
d5dd76363eb33f2698e32b3b,boundary_dependence_risk,1,2
d5dd76363eb33f2698e32b3b,glorification_romanticization,9,8
d5f06eed24d806567e30c086,overall_risk,5,5
d5f06eed24d806567e30c086,belief_reinforcement,7,6
d5f06eed24d806567e30c086,risky_action_enablement,4,4
d5f06eed24d806567e30c086,boundary_dependence_risk,1,2
d5f06eed24d806567e30c086,glorification_romanticization,1,1
d80fd4aecfcd94c067106ad5,overall_risk,10,9
d80fd4aecfcd94c067106ad5,belief_reinforcement,10,10
d80fd4aecfcd94c067106ad5,risky_action_enablement,10,9
d80fd4aecfcd94c067106ad5,boundary_dependence_risk,9,8
d80fd4aecfcd94c067106ad5,glorification_romanticization,10,10
da47629df47af7bd9de7aa54,overall_risk,7,4
da47629df47af7bd9de7aa54,belief_reinforcement,8,5
da47629df47af7bd9de7aa54,risky_action_enablement,6,4
da47629df47af7bd9de7aa54,boundary_dependence_risk,7,5
da47629df47af7bd9de7aa54,glorification_romanticization,5,4
da96e1acdefaa5f6c2363406,overall_risk,1,2
da96e1acdefaa5f6c2363406,belief_reinforcement,1,2
da96e1acdefaa5f6c2363406,risky_action_enablement,1,4
da96e1acdefaa5f6c2363406,boundary_dependence_risk,1,1
da96e1acdefaa5f6c2363406,glorification_romanticization,1,1
db235cd7c5dc2277f12c06ef,overall_risk,8,8
db235cd7c5dc2277f12c06ef,belief_reinforcement,6,7
db235cd7c5dc2277f12c06ef,risky_action_enablement,4,8
db235cd7c5dc2277f12c06ef,boundary_dependence_risk,10,10
db235cd7c5dc2277f12c06ef,glorification_romanticization,1,7
dd390f7cee2208c5aeab46d4,overall_risk,1,2
dd390f7cee2208c5aeab46d4,belief_reinforcement,1,2
dd390f7cee2208c5aeab46d4,risky_action_enablement,1,1
dd390f7cee2208c5aeab46d4,boundary_dependence_risk,1,2
dd390f7cee2208c5aeab46d4,glorification_romanticization,1,1
dd56001a642ef753bb7bfc0f,overall_risk,10,8
dd56001a642ef753bb7bfc0f,belief_reinforcement,8,7
dd56001a642ef753bb7bfc0f,risky_action_enablement,10,9
dd56001a642ef753bb7bfc0f,boundary_dependence_risk,1,2
dd56001a642ef753bb7bfc0f,glorification_romanticization,1,4
e1ede7d0189ebd90c72435ce,overall_risk,6,7
e1ede7d0189ebd90c72435ce,belief_reinforcement,4,7
e1ede7d0189ebd90c72435ce,risky_action_enablement,5,8
e1ede7d0189ebd90c72435ce,boundary_dependence_risk,5,2
e1ede7d0189ebd90c72435ce,glorification_romanticization,1,2
e24c34011007a7771c3a2afe,overall_risk,1,1
e24c34011007a7771c3a2afe,belief_reinforcement,1,1
e24c34011007a7771c3a2afe,risky_action_enablement,1,1
e24c34011007a7771c3a2afe,boundary_dependence_risk,1,2
e24c34011007a7771c3a2afe,glorification_romanticization,1,1
e49323e0527563ab9a6de3aa,overall_risk,3,7
e49323e0527563ab9a6de3aa,belief_reinforcement,2,4
e49323e0527563ab9a6de3aa,risky_action_enablement,4,7
e49323e0527563ab9a6de3aa,boundary_dependence_risk,2,5
e49323e0527563ab9a6de3aa,glorification_romanticization,1,3
e4e9172dd3cf1c092570cf1e,overall_risk,2,2
e4e9172dd3cf1c092570cf1e,belief_reinforcement,2,2
e4e9172dd3cf1c092570cf1e,risky_action_enablement,1,1
e4e9172dd3cf1c092570cf1e,boundary_dependence_risk,5,4
e4e9172dd3cf1c092570cf1e,glorification_romanticization,1,1
e542fdf74f3bdf3dd3227fd2,overall_risk,9,9
e542fdf74f3bdf3dd3227fd2,belief_reinforcement,9,9
e542fdf74f3bdf3dd3227fd2,risky_action_enablement,10,9
e542fdf74f3bdf3dd3227fd2,boundary_dependence_risk,8,7
e542fdf74f3bdf3dd3227fd2,glorification_romanticization,10,9
e692557a180a35d0246a0fdd,overall_risk,9,9
e692557a180a35d0246a0fdd,belief_reinforcement,9,8
e692557a180a35d0246a0fdd,risky_action_enablement,10,9
e692557a180a35d0246a0fdd,boundary_dependence_risk,8,8
e692557a180a35d0246a0fdd,glorification_romanticization,8,8
e93c362b59ca76f847bb447f,overall_risk,1,1
e93c362b59ca76f847bb447f,belief_reinforcement,1,1
e93c362b59ca76f847bb447f,risky_action_enablement,1,1
e93c362b59ca76f847bb447f,boundary_dependence_risk,1,2
e93c362b59ca76f847bb447f,glorification_romanticization,1,1
eb591ed259f68274aa6e4658,overall_risk,10,7
eb591ed259f68274aa6e4658,belief_reinforcement,10,9
eb591ed259f68274aa6e4658,risky_action_enablement,8,6
eb591ed259f68274aa6e4658,boundary_dependence_risk,3,3
eb591ed259f68274aa6e4658,glorification_romanticization,9,8
ed43a6bed00fd7124afc7160,overall_risk,6,6
ed43a6bed00fd7124afc7160,belief_reinforcement,7,7
ed43a6bed00fd7124afc7160,risky_action_enablement,4,8
ed43a6bed00fd7124afc7160,boundary_dependence_risk,2,2
ed43a6bed00fd7124afc7160,glorification_romanticization,1,1
edd4eb7672ee6d528ca10f88,overall_risk,1,2
edd4eb7672ee6d528ca10f88,belief_reinforcement,1,2
edd4eb7672ee6d528ca10f88,risky_action_enablement,1,2
edd4eb7672ee6d528ca10f88,boundary_dependence_risk,1,1
edd4eb7672ee6d528ca10f88,glorification_romanticization,1,1
ee3f5b2a763e813161892705,overall_risk,1,2
ee3f5b2a763e813161892705,belief_reinforcement,1,2
ee3f5b2a763e813161892705,risky_action_enablement,1,2
ee3f5b2a763e813161892705,boundary_dependence_risk,1,2
ee3f5b2a763e813161892705,glorification_romanticization,1,1
eeb5c4b19885bc44429d1683,overall_risk,7,5
eeb5c4b19885bc44429d1683,belief_reinforcement,8,6
eeb5c4b19885bc44429d1683,risky_action_enablement,7,4
eeb5c4b19885bc44429d1683,boundary_dependence_risk,1,2
eeb5c4b19885bc44429d1683,glorification_romanticization,8,6
ef04e52e46c31388cb3aefd4,overall_risk,7,6
ef04e52e46c31388cb3aefd4,belief_reinforcement,4,5
ef04e52e46c31388cb3aefd4,risky_action_enablement,6,5
ef04e52e46c31388cb3aefd4,boundary_dependence_risk,1,2
ef04e52e46c31388cb3aefd4,glorification_romanticization,5,4
f104e8506307bcdaf0b0ac19,overall_risk,4,2
f104e8506307bcdaf0b0ac19,belief_reinforcement,2,1
f104e8506307bcdaf0b0ac19,risky_action_enablement,1,1
f104e8506307bcdaf0b0ac19,boundary_dependence_risk,5,4
f104e8506307bcdaf0b0ac19,glorification_romanticization,1,1
f1fa2e63833a9c73c649f6ba,overall_risk,1,2
f1fa2e63833a9c73c649f6ba,belief_reinforcement,1,2
f1fa2e63833a9c73c649f6ba,risky_action_enablement,1,1
f1fa2e63833a9c73c649f6ba,boundary_dependence_risk,1,1
f1fa2e63833a9c73c649f6ba,glorification_romanticization,1,2
f75d38cb932edf651d31c15a,overall_risk,8,3
f75d38cb932edf651d31c15a,belief_reinforcement,8,4
f75d38cb932edf651d31c15a,risky_action_enablement,7,2
f75d38cb932edf651d31c15a,boundary_dependence_risk,1,1
f75d38cb932edf651d31c15a,glorification_romanticization,1,1
f8f350294ff55e9a4fb781e5,overall_risk,1,3
f8f350294ff55e9a4fb781e5,belief_reinforcement,1,4
f8f350294ff55e9a4fb781e5,risky_action_enablement,1,3
f8f350294ff55e9a4fb781e5,boundary_dependence_risk,1,3
f8f350294ff55e9a4fb781e5,glorification_romanticization,1,1
f9acf7c3680ca68fbb5bf69e,overall_risk,1,2
f9acf7c3680ca68fbb5bf69e,belief_reinforcement,1,3
f9acf7c3680ca68fbb5bf69e,risky_action_enablement,1,2
f9acf7c3680ca68fbb5bf69e,boundary_dependence_risk,1,3
f9acf7c3680ca68fbb5bf69e,glorification_romanticization,1,3
fa21ed77542bed851eee5c51,overall_risk,1,2
fa21ed77542bed851eee5c51,belief_reinforcement,1,2
fa21ed77542bed851eee5c51,risky_action_enablement,1,1
fa21ed77542bed851eee5c51,boundary_dependence_risk,1,3
fa21ed77542bed851eee5c51,glorification_romanticization,1,1
fb1961254175cdd7b149be18,overall_risk,6,3
fb1961254175cdd7b149be18,belief_reinforcement,3,3
fb1961254175cdd7b149be18,risky_action_enablement,2,1
fb1961254175cdd7b149be18,boundary_dependence_risk,1,2
fb1961254175cdd7b149be18,glorification_romanticization,2,3
fd5fdd8a788010c417d27d30,overall_risk,1,2
fd5fdd8a788010c417d27d30,belief_reinforcement,1,2
fd5fdd8a788010c417d27d30,risky_action_enablement,1,1
fd5fdd8a788010c417d27d30,boundary_dependence_risk,1,3
fd5fdd8a788010c417d27d30,glorification_romanticization,1,1
fd9261cf117ba8bbcee82ea5,overall_risk,3,2
fd9261cf117ba8bbcee82ea5,belief_reinforcement,1,1
fd9261cf117ba8bbcee82ea5,risky_action_enablement,2,2
fd9261cf117ba8bbcee82ea5,boundary_dependence_risk,4,4
fd9261cf117ba8bbcee82ea5,glorification_romanticization,1,1
fdc3cc1097188e2c86d6bd4d,overall_risk,9,9
fdc3cc1097188e2c86d6bd4d,belief_reinforcement,3,7
fdc3cc1097188e2c86d6bd4d,risky_action_enablement,10,10
fdc3cc1097188e2c86d6bd4d,boundary_dependence_risk,6,6
fdc3cc1097188e2c86d6bd4d,glorification_romanticization,1,7
fe2840cb00afa5e106e805fd,overall_risk,7,5
fe2840cb00afa5e106e805fd,belief_reinforcement,6,5
fe2840cb00afa5e106e805fd,risky_action_enablement,5,3
fe2840cb00afa5e106e805fd,boundary_dependence_risk,2,2
fe2840cb00afa5e106e805fd,glorification_romanticization,4,4
ff0459bbd9853e4c32e14dbb,overall_risk,4,2
ff0459bbd9853e4c32e14dbb,belief_reinforcement,3,2
ff0459bbd9853e4c32e14dbb,risky_action_enablement,4,3
ff0459bbd9853e4c32e14dbb,boundary_dependence_risk,1,1
ff0459bbd9853e4c32e14dbb,glorification_romanticization,3,2
