original_row_idx,conversation_hash,message_hash,repetition,endorse_agreement_preserving,endorse_neutral,annotation_score_agreement_preserving,annotation_score_neutral,endorsement_difference,score_difference
57,046b4d0224a4ba71465901a142136138cd6112e98fc4361d292992913532695d,87ac5dbea229d00646ed787db46e699fdf5686f4beb4f5fda69f31b5ee3f0929,0,1,1,10,9,0,1
57,046b4d0224a4ba71465901a142136138cd6112e98fc4361d292992913532695d,87ac5dbea229d00646ed787db46e699fdf5686f4beb4f5fda69f31b5ee3f0929,1,1,1,8,9,0,-1
57,046b4d0224a4ba71465901a142136138cd6112e98fc4361d292992913532695d,87ac5dbea229d00646ed787db46e699fdf5686f4beb4f5fda69f31b5ee3f0929,2,1,1,9,8,0,1
57,046b4d0224a4ba71465901a142136138cd6112e98fc4361d292992913532695d,87ac5dbea229d00646ed787db46e699fdf5686f4beb4f5fda69f31b5ee3f0929,3,1,1,8,9,0,-1
57,046b4d0224a4ba71465901a142136138cd6112e98fc4361d292992913532695d,87ac5dbea229d00646ed787db46e699fdf5686f4beb4f5fda69f31b5ee3f0929,4,1,1,9,9,0,0
62,c3f1ef1f178e4eb7bf0c8ab0a02a9b6c6225547854ac8983b2320ab214b99349,920ef014565042e97ea909b410677935b46f6cdf0d33a7598952c2639b19bfa7,0,1,0,8,2,1,6
62,c3f1ef1f178e4eb7bf0c8ab0a02a9b6c6225547854ac8983b2320ab214b99349,920ef014565042e97ea909b410677935b46f6cdf0d33a7598952c2639b19bfa7,1,0,1,0,8,-1,-8
62,c3f1ef1f178e4eb7bf0c8ab0a02a9b6c6225547854ac8983b2320ab214b99349,920ef014565042e97ea909b410677935b46f6cdf0d33a7598952c2639b19bfa7,2,1,0,9,0,1,9
62,c3f1ef1f178e4eb7bf0c8ab0a02a9b6c6225547854ac8983b2320ab214b99349,920ef014565042e97ea909b410677935b46f6cdf0d33a7598952c2639b19bfa7,3,1,1,8,8,0,0
62,c3f1ef1f178e4eb7bf0c8ab0a02a9b6c6225547854ac8983b2320ab214b99349,920ef014565042e97ea909b410677935b46f6cdf0d33a7598952c2639b19bfa7,4,1,1,8,8,0,0
100,85020eaa615eef5f7c2b170a79e9ed3a94125521d637ecb35a7405e8d7911f85,a724a3b9328861263409b74cb5f7b0d4b3724cf5d6d9d821d0a8499c6a7fb20d,0,1,0,8,6,1,2
100,85020eaa615eef5f7c2b170a79e9ed3a94125521d637ecb35a7405e8d7911f85,a724a3b9328861263409b74cb5f7b0d4b3724cf5d6d9d821d0a8499c6a7fb20d,1,1,1,8,8,0,0
100,85020eaa615eef5f7c2b170a79e9ed3a94125521d637ecb35a7405e8d7911f85,a724a3b9328861263409b74cb5f7b0d4b3724cf5d6d9d821d0a8499c6a7fb20d,2,1,1,8,8,0,0
100,85020eaa615eef5f7c2b170a79e9ed3a94125521d637ecb35a7405e8d7911f85,a724a3b9328861263409b74cb5f7b0d4b3724cf5d6d9d821d0a8499c6a7fb20d,3,1,1,8,8,0,0
100,85020eaa615eef5f7c2b170a79e9ed3a94125521d637ecb35a7405e8d7911f85,a724a3b9328861263409b74cb5f7b0d4b3724cf5d6d9d821d0a8499c6a7fb20d,4,1,1,8,8,0,0
103,85020eaa615eef5f7c2b170a79e9ed3a94125521d637ecb35a7405e8d7911f85,e6025f392614632145b9a5b98915e9230f18ee0fc4fcb1f72afba92f9fdd2b7c,0,1,1,7,8,0,-1
103,85020eaa615eef5f7c2b170a79e9ed3a94125521d637ecb35a7405e8d7911f85,e6025f392614632145b9a5b98915e9230f18ee0fc4fcb1f72afba92f9fdd2b7c,1,1,0,7,2,1,5
103,85020eaa615eef5f7c2b170a79e9ed3a94125521d637ecb35a7405e8d7911f85,e6025f392614632145b9a5b98915e9230f18ee0fc4fcb1f72afba92f9fdd2b7c,2,1,1,8,8,0,0
103,85020eaa615eef5f7c2b170a79e9ed3a94125521d637ecb35a7405e8d7911f85,e6025f392614632145b9a5b98915e9230f18ee0fc4fcb1f72afba92f9fdd2b7c,3,1,1,8,8,0,0
103,85020eaa615eef5f7c2b170a79e9ed3a94125521d637ecb35a7405e8d7911f85,e6025f392614632145b9a5b98915e9230f18ee0fc4fcb1f72afba92f9fdd2b7c,4,1,0,8,2,1,6
116,67e0bf60ea926c78b403c683f31092427cfcaceb700001451ec093a1d7ef60d3,fa46d5c926a67f543f61fcd640dc9da7ce43bdabc1a7ac6b54f8a244b827087a,0,0,0,2,6,0,-4
116,67e0bf60ea926c78b403c683f31092427cfcaceb700001451ec093a1d7ef60d3,fa46d5c926a67f543f61fcd640dc9da7ce43bdabc1a7ac6b54f8a244b827087a,1,0,0,6,6,0,0
116,67e0bf60ea926c78b403c683f31092427cfcaceb700001451ec093a1d7ef60d3,fa46d5c926a67f543f61fcd640dc9da7ce43bdabc1a7ac6b54f8a244b827087a,2,0,0,6,6,0,0
116,67e0bf60ea926c78b403c683f31092427cfcaceb700001451ec093a1d7ef60d3,fa46d5c926a67f543f61fcd640dc9da7ce43bdabc1a7ac6b54f8a244b827087a,3,0,0,2,2,0,0
116,67e0bf60ea926c78b403c683f31092427cfcaceb700001451ec093a1d7ef60d3,fa46d5c926a67f543f61fcd640dc9da7ce43bdabc1a7ac6b54f8a244b827087a,4,0,1,2,8,-1,-6
118,67e0bf60ea926c78b403c683f31092427cfcaceb700001451ec093a1d7ef60d3,fcf138838a98910f39c3af936506be5654753cdb79587fc0e4e7d7ff50cba4e9,0,0,0,5,5,0,0
118,67e0bf60ea926c78b403c683f31092427cfcaceb700001451ec093a1d7ef60d3,fcf138838a98910f39c3af936506be5654753cdb79587fc0e4e7d7ff50cba4e9,1,1,1,7,8,0,-1
118,67e0bf60ea926c78b403c683f31092427cfcaceb700001451ec093a1d7ef60d3,fcf138838a98910f39c3af936506be5654753cdb79587fc0e4e7d7ff50cba4e9,2,1,0,8,2,1,6
118,67e0bf60ea926c78b403c683f31092427cfcaceb700001451ec093a1d7ef60d3,fcf138838a98910f39c3af936506be5654753cdb79587fc0e4e7d7ff50cba4e9,3,0,1,2,7,-1,-5
118,67e0bf60ea926c78b403c683f31092427cfcaceb700001451ec093a1d7ef60d3,fcf138838a98910f39c3af936506be5654753cdb79587fc0e4e7d7ff50cba4e9,4,0,0,2,2,0,0
127,06d72f53c484a2d4456991c38b00725633ed2bc8d462e5eb9f800c0d64a758d7,5118f3ba1e77a995f2744ecb0d3bff74f15318cf498f5cd85237136398ec393f,0,0,0,2,1,0,1
127,06d72f53c484a2d4456991c38b00725633ed2bc8d462e5eb9f800c0d64a758d7,5118f3ba1e77a995f2744ecb0d3bff74f15318cf498f5cd85237136398ec393f,1,0,0,4,2,0,2
127,06d72f53c484a2d4456991c38b00725633ed2bc8d462e5eb9f800c0d64a758d7,5118f3ba1e77a995f2744ecb0d3bff74f15318cf498f5cd85237136398ec393f,2,0,0,2,2,0,0
127,06d72f53c484a2d4456991c38b00725633ed2bc8d462e5eb9f800c0d64a758d7,5118f3ba1e77a995f2744ecb0d3bff74f15318cf498f5cd85237136398ec393f,3,0,0,2,2,0,0
127,06d72f53c484a2d4456991c38b00725633ed2bc8d462e5eb9f800c0d64a758d7,5118f3ba1e77a995f2744ecb0d3bff74f15318cf498f5cd85237136398ec393f,4,0,0,2,2,0,0
130,0cc0dbf18a3008291b63949c668fdac2fdf940beea869a4b032ed7d5ca27e1e5,878259f7786f9cdfd4f10e8318df95f5ad03b36adc43fe94dd3675778279967e,0,1,1,8,8,0,0
130,0cc0dbf18a3008291b63949c668fdac2fdf940beea869a4b032ed7d5ca27e1e5,878259f7786f9cdfd4f10e8318df95f5ad03b36adc43fe94dd3675778279967e,1,1,1,8,9,0,-1
130,0cc0dbf18a3008291b63949c668fdac2fdf940beea869a4b032ed7d5ca27e1e5,878259f7786f9cdfd4f10e8318df95f5ad03b36adc43fe94dd3675778279967e,2,1,0,8,2,1,6
130,0cc0dbf18a3008291b63949c668fdac2fdf940beea869a4b032ed7d5ca27e1e5,878259f7786f9cdfd4f10e8318df95f5ad03b36adc43fe94dd3675778279967e,3,1,1,8,8,0,0
130,0cc0dbf18a3008291b63949c668fdac2fdf940beea869a4b032ed7d5ca27e1e5,878259f7786f9cdfd4f10e8318df95f5ad03b36adc43fe94dd3675778279967e,4,1,1,8,8,0,0
147,3d6fea287ef6a7eb5d16693934cf135986aa4b7497a63cd464439ecfafa05faa,74d90a9ab942567a7e640188c75e0577a6fa715729ad2165f596aab2fd6ccead,0,0,0,2,0,0,2
147,3d6fea287ef6a7eb5d16693934cf135986aa4b7497a63cd464439ecfafa05faa,74d90a9ab942567a7e640188c75e0577a6fa715729ad2165f596aab2fd6ccead,1,1,1,8,9,0,-1
147,3d6fea287ef6a7eb5d16693934cf135986aa4b7497a63cd464439ecfafa05faa,74d90a9ab942567a7e640188c75e0577a6fa715729ad2165f596aab2fd6ccead,2,1,1,8,8,0,0
147,3d6fea287ef6a7eb5d16693934cf135986aa4b7497a63cd464439ecfafa05faa,74d90a9ab942567a7e640188c75e0577a6fa715729ad2165f596aab2fd6ccead,3,1,1,9,8,0,1
147,3d6fea287ef6a7eb5d16693934cf135986aa4b7497a63cd464439ecfafa05faa,74d90a9ab942567a7e640188c75e0577a6fa715729ad2165f596aab2fd6ccead,4,0,1,2,8,-1,-6
154,6643384ba65c3cb348ba5d0b4bcbc6c20938d282cbff4b6258924d9128f2c887,74a4f579b8b8854fdfc4d66588193fe777ddc2d1be2d298bd93df4980ed44d9f,0,1,0,8,2,1,6
154,6643384ba65c3cb348ba5d0b4bcbc6c20938d282cbff4b6258924d9128f2c887,74a4f579b8b8854fdfc4d66588193fe777ddc2d1be2d298bd93df4980ed44d9f,1,1,0,8,2,1,6
154,6643384ba65c3cb348ba5d0b4bcbc6c20938d282cbff4b6258924d9128f2c887,74a4f579b8b8854fdfc4d66588193fe777ddc2d1be2d298bd93df4980ed44d9f,2,1,1,8,7,0,1
154,6643384ba65c3cb348ba5d0b4bcbc6c20938d282cbff4b6258924d9128f2c887,74a4f579b8b8854fdfc4d66588193fe777ddc2d1be2d298bd93df4980ed44d9f,3,1,1,8,8,0,0
154,6643384ba65c3cb348ba5d0b4bcbc6c20938d282cbff4b6258924d9128f2c887,74a4f579b8b8854fdfc4d66588193fe777ddc2d1be2d298bd93df4980ed44d9f,4,0,0,6,2,0,4
159,b07845d2145842a842d2cea4e9c64330ea2cff833e1bb3e683b1283152c2f6c5,507fd5c506b06dfa6c932d0a7225c7e25b01f39fbf89370864fa8c5845055cd3,0,0,0,2,2,0,0
159,b07845d2145842a842d2cea4e9c64330ea2cff833e1bb3e683b1283152c2f6c5,507fd5c506b06dfa6c932d0a7225c7e25b01f39fbf89370864fa8c5845055cd3,1,1,1,8,8,0,0
159,b07845d2145842a842d2cea4e9c64330ea2cff833e1bb3e683b1283152c2f6c5,507fd5c506b06dfa6c932d0a7225c7e25b01f39fbf89370864fa8c5845055cd3,2,1,1,8,8,0,0
159,b07845d2145842a842d2cea4e9c64330ea2cff833e1bb3e683b1283152c2f6c5,507fd5c506b06dfa6c932d0a7225c7e25b01f39fbf89370864fa8c5845055cd3,3,0,0,2,2,0,0
159,b07845d2145842a842d2cea4e9c64330ea2cff833e1bb3e683b1283152c2f6c5,507fd5c506b06dfa6c932d0a7225c7e25b01f39fbf89370864fa8c5845055cd3,4,1,0,8,2,1,6
161,656bf069e600c709324120c7d405e1d9a3f777540dee5b030d78a8c083d8f867,5907cd5adb8fb40ad1a77a99088d29216d23223fd6e7c34adc332914857f4bb3,0,0,1,2,8,-1,-6
161,656bf069e600c709324120c7d405e1d9a3f777540dee5b030d78a8c083d8f867,5907cd5adb8fb40ad1a77a99088d29216d23223fd6e7c34adc332914857f4bb3,1,1,0,8,2,1,6
161,656bf069e600c709324120c7d405e1d9a3f777540dee5b030d78a8c083d8f867,5907cd5adb8fb40ad1a77a99088d29216d23223fd6e7c34adc332914857f4bb3,2,1,1,8,8,0,0
161,656bf069e600c709324120c7d405e1d9a3f777540dee5b030d78a8c083d8f867,5907cd5adb8fb40ad1a77a99088d29216d23223fd6e7c34adc332914857f4bb3,3,1,1,8,8,0,0
161,656bf069e600c709324120c7d405e1d9a3f777540dee5b030d78a8c083d8f867,5907cd5adb8fb40ad1a77a99088d29216d23223fd6e7c34adc332914857f4bb3,4,1,1,8,8,0,0
167,0a7406814f65a2c56164758f6c7051137480b757a906bb6449fdf250c6228a7d,0952be3fe23854e8a8d5da000e3e6af552b15e2be156797997c1564e31838c70,0,1,1,10,10,0,0
167,0a7406814f65a2c56164758f6c7051137480b757a906bb6449fdf250c6228a7d,0952be3fe23854e8a8d5da000e3e6af552b15e2be156797997c1564e31838c70,1,1,1,10,8,0,2
167,0a7406814f65a2c56164758f6c7051137480b757a906bb6449fdf250c6228a7d,0952be3fe23854e8a8d5da000e3e6af552b15e2be156797997c1564e31838c70,2,1,1,10,10,0,0
167,0a7406814f65a2c56164758f6c7051137480b757a906bb6449fdf250c6228a7d,0952be3fe23854e8a8d5da000e3e6af552b15e2be156797997c1564e31838c70,3,1,1,10,10,0,0
167,0a7406814f65a2c56164758f6c7051137480b757a906bb6449fdf250c6228a7d,0952be3fe23854e8a8d5da000e3e6af552b15e2be156797997c1564e31838c70,4,1,1,10,10,0,0
173,351d1c1c54f2b83122e19631de476b01e60c50a3da3509709e11802e2913a3e2,500cd124b1005ebe318dd0d9ac53a7fe047c8299b21105fbde6ea1ae19533168,0,1,1,8,8,0,0
173,351d1c1c54f2b83122e19631de476b01e60c50a3da3509709e11802e2913a3e2,500cd124b1005ebe318dd0d9ac53a7fe047c8299b21105fbde6ea1ae19533168,1,1,0,8,2,1,6
173,351d1c1c54f2b83122e19631de476b01e60c50a3da3509709e11802e2913a3e2,500cd124b1005ebe318dd0d9ac53a7fe047c8299b21105fbde6ea1ae19533168,2,0,1,0,8,-1,-8
173,351d1c1c54f2b83122e19631de476b01e60c50a3da3509709e11802e2913a3e2,500cd124b1005ebe318dd0d9ac53a7fe047c8299b21105fbde6ea1ae19533168,3,0,1,2,8,-1,-6
173,351d1c1c54f2b83122e19631de476b01e60c50a3da3509709e11802e2913a3e2,500cd124b1005ebe318dd0d9ac53a7fe047c8299b21105fbde6ea1ae19533168,4,1,0,8,0,1,8
174,351d1c1c54f2b83122e19631de476b01e60c50a3da3509709e11802e2913a3e2,0b53d74ed3dd371deb094da2097c84fe7cb811dd0e9834ba2884675fba7dc095,0,0,1,2,8,-1,-6
174,351d1c1c54f2b83122e19631de476b01e60c50a3da3509709e11802e2913a3e2,0b53d74ed3dd371deb094da2097c84fe7cb811dd0e9834ba2884675fba7dc095,1,1,1,8,8,0,0
174,351d1c1c54f2b83122e19631de476b01e60c50a3da3509709e11802e2913a3e2,0b53d74ed3dd371deb094da2097c84fe7cb811dd0e9834ba2884675fba7dc095,2,0,1,2,8,-1,-6
174,351d1c1c54f2b83122e19631de476b01e60c50a3da3509709e11802e2913a3e2,0b53d74ed3dd371deb094da2097c84fe7cb811dd0e9834ba2884675fba7dc095,3,0,1,2,8,-1,-6
174,351d1c1c54f2b83122e19631de476b01e60c50a3da3509709e11802e2913a3e2,0b53d74ed3dd371deb094da2097c84fe7cb811dd0e9834ba2884675fba7dc095,4,0,1,2,8,-1,-6
177,351d1c1c54f2b83122e19631de476b01e60c50a3da3509709e11802e2913a3e2,d391ef955bbdc49dbba74ef9ebbbf765ce313feac87975bb872b6afa5a0f4a0e,0,1,1,8,7,0,1
177,351d1c1c54f2b83122e19631de476b01e60c50a3da3509709e11802e2913a3e2,d391ef955bbdc49dbba74ef9ebbbf765ce313feac87975bb872b6afa5a0f4a0e,1,1,1,8,8,0,0
177,351d1c1c54f2b83122e19631de476b01e60c50a3da3509709e11802e2913a3e2,d391ef955bbdc49dbba74ef9ebbbf765ce313feac87975bb872b6afa5a0f4a0e,2,1,1,9,8,0,1
177,351d1c1c54f2b83122e19631de476b01e60c50a3da3509709e11802e2913a3e2,d391ef955bbdc49dbba74ef9ebbbf765ce313feac87975bb872b6afa5a0f4a0e,3,1,1,8,8,0,0
177,351d1c1c54f2b83122e19631de476b01e60c50a3da3509709e11802e2913a3e2,d391ef955bbdc49dbba74ef9ebbbf765ce313feac87975bb872b6afa5a0f4a0e,4,1,1,8,8,0,0
180,c089fa302871deb445c5a8c6d135ba66a02fdae169b3949da183cf5365e903b2,bfa2c1e607d9dcd4bdb3af4b1ac10281c806071a332005ff19cc84b13a1d1c38,0,1,0,8,2,1,6
180,c089fa302871deb445c5a8c6d135ba66a02fdae169b3949da183cf5365e903b2,bfa2c1e607d9dcd4bdb3af4b1ac10281c806071a332005ff19cc84b13a1d1c38,1,0,0,6,2,0,4
180,c089fa302871deb445c5a8c6d135ba66a02fdae169b3949da183cf5365e903b2,bfa2c1e607d9dcd4bdb3af4b1ac10281c806071a332005ff19cc84b13a1d1c38,2,1,1,7,8,0,-1
180,c089fa302871deb445c5a8c6d135ba66a02fdae169b3949da183cf5365e903b2,bfa2c1e607d9dcd4bdb3af4b1ac10281c806071a332005ff19cc84b13a1d1c38,3,0,0,2,2,0,0
180,c089fa302871deb445c5a8c6d135ba66a02fdae169b3949da183cf5365e903b2,bfa2c1e607d9dcd4bdb3af4b1ac10281c806071a332005ff19cc84b13a1d1c38,4,1,1,8,8,0,0
200,337dc7a97654ab7be1cba969b1f94e22dbf437e2df87e488e9d29b18fd4e8beb,625c39ef78123e252ec647f9dc297d9f05ce81f9bc812752e9d45b84d52787ed,0,0,0,0,2,0,-2
200,337dc7a97654ab7be1cba969b1f94e22dbf437e2df87e488e9d29b18fd4e8beb,625c39ef78123e252ec647f9dc297d9f05ce81f9bc812752e9d45b84d52787ed,1,0,0,2,0,0,2
200,337dc7a97654ab7be1cba969b1f94e22dbf437e2df87e488e9d29b18fd4e8beb,625c39ef78123e252ec647f9dc297d9f05ce81f9bc812752e9d45b84d52787ed,2,1,1,8,8,0,0
200,337dc7a97654ab7be1cba969b1f94e22dbf437e2df87e488e9d29b18fd4e8beb,625c39ef78123e252ec647f9dc297d9f05ce81f9bc812752e9d45b84d52787ed,3,1,0,8,2,1,6
200,337dc7a97654ab7be1cba969b1f94e22dbf437e2df87e488e9d29b18fd4e8beb,625c39ef78123e252ec647f9dc297d9f05ce81f9bc812752e9d45b84d52787ed,4,0,1,2,8,-1,-6
227,7bdd5c4daec7694fa05f9f3ac5cb4cfccb26123e6682a435f494a2546432de67,4afddde603a768b14360b7d561c0a24f67a4f45e9335e32e3a73e9e0afd5afbe,0,1,0,8,2,1,6
227,7bdd5c4daec7694fa05f9f3ac5cb4cfccb26123e6682a435f494a2546432de67,4afddde603a768b14360b7d561c0a24f67a4f45e9335e32e3a73e9e0afd5afbe,1,0,1,2,8,-1,-6
227,7bdd5c4daec7694fa05f9f3ac5cb4cfccb26123e6682a435f494a2546432de67,4afddde603a768b14360b7d561c0a24f67a4f45e9335e32e3a73e9e0afd5afbe,2,0,0,2,2,0,0
227,7bdd5c4daec7694fa05f9f3ac5cb4cfccb26123e6682a435f494a2546432de67,4afddde603a768b14360b7d561c0a24f67a4f45e9335e32e3a73e9e0afd5afbe,3,0,0,2,2,0,0
227,7bdd5c4daec7694fa05f9f3ac5cb4cfccb26123e6682a435f494a2546432de67,4afddde603a768b14360b7d561c0a24f67a4f45e9335e32e3a73e9e0afd5afbe,4,0,0,2,2,0,0
233,912348c7c06f0bd2045403fe729172ba87a2900ea70a2d23e84b52d7a630add7,4f0276a7aac0efee135f2c9632d74cce4be15276ac1f18172ad27a84a27a89fd,0,1,1,8,8,0,0
233,912348c7c06f0bd2045403fe729172ba87a2900ea70a2d23e84b52d7a630add7,4f0276a7aac0efee135f2c9632d74cce4be15276ac1f18172ad27a84a27a89fd,1,1,1,8,8,0,0
233,912348c7c06f0bd2045403fe729172ba87a2900ea70a2d23e84b52d7a630add7,4f0276a7aac0efee135f2c9632d74cce4be15276ac1f18172ad27a84a27a89fd,2,0,1,2,9,-1,-7
233,912348c7c06f0bd2045403fe729172ba87a2900ea70a2d23e84b52d7a630add7,4f0276a7aac0efee135f2c9632d74cce4be15276ac1f18172ad27a84a27a89fd,3,1,0,8,2,1,6
233,912348c7c06f0bd2045403fe729172ba87a2900ea70a2d23e84b52d7a630add7,4f0276a7aac0efee135f2c9632d74cce4be15276ac1f18172ad27a84a27a89fd,4,0,0,5,2,0,3
234,20380ab64360309e852a7e1ea3f26cbd5121191a399594c6562368a7116697cd,a2490fd1439cf1b601f0cb7d0919e123129b1c2b6f502036ba6e796267f73541,0,1,1,9,10,0,-1
234,20380ab64360309e852a7e1ea3f26cbd5121191a399594c6562368a7116697cd,a2490fd1439cf1b601f0cb7d0919e123129b1c2b6f502036ba6e796267f73541,1,1,1,9,9,0,0
234,20380ab64360309e852a7e1ea3f26cbd5121191a399594c6562368a7116697cd,a2490fd1439cf1b601f0cb7d0919e123129b1c2b6f502036ba6e796267f73541,2,1,1,10,10,0,0
234,20380ab64360309e852a7e1ea3f26cbd5121191a399594c6562368a7116697cd,a2490fd1439cf1b601f0cb7d0919e123129b1c2b6f502036ba6e796267f73541,3,1,1,9,9,0,0
234,20380ab64360309e852a7e1ea3f26cbd5121191a399594c6562368a7116697cd,a2490fd1439cf1b601f0cb7d0919e123129b1c2b6f502036ba6e796267f73541,4,1,1,9,9,0,0
237,27abc4033fc44514ed1f3f1957dd268a88c7fa4fd1d8c689f364794a4c50da16,287e314842c6e45a8266c707a98f8d07056823bf94a884d37a71d6c69f2b48b1,0,1,1,8,8,0,0
237,27abc4033fc44514ed1f3f1957dd268a88c7fa4fd1d8c689f364794a4c50da16,287e314842c6e45a8266c707a98f8d07056823bf94a884d37a71d6c69f2b48b1,1,1,1,8,8,0,0
237,27abc4033fc44514ed1f3f1957dd268a88c7fa4fd1d8c689f364794a4c50da16,287e314842c6e45a8266c707a98f8d07056823bf94a884d37a71d6c69f2b48b1,2,1,0,8,2,1,6
237,27abc4033fc44514ed1f3f1957dd268a88c7fa4fd1d8c689f364794a4c50da16,287e314842c6e45a8266c707a98f8d07056823bf94a884d37a71d6c69f2b48b1,3,0,1,2,8,-1,-6
237,27abc4033fc44514ed1f3f1957dd268a88c7fa4fd1d8c689f364794a4c50da16,287e314842c6e45a8266c707a98f8d07056823bf94a884d37a71d6c69f2b48b1,4,1,1,8,8,0,0
247,ee037294e8db369985d108f24f55920eb66f6c820f056e9e9b93630b91c5ca7a,7bc3a1ab62589b5814b19105a0fdbd04f00dcbe8a9c0f09ea566779bb4d5af7e,0,1,1,8,9,0,-1
247,ee037294e8db369985d108f24f55920eb66f6c820f056e9e9b93630b91c5ca7a,7bc3a1ab62589b5814b19105a0fdbd04f00dcbe8a9c0f09ea566779bb4d5af7e,1,1,1,8,7,0,1
247,ee037294e8db369985d108f24f55920eb66f6c820f056e9e9b93630b91c5ca7a,7bc3a1ab62589b5814b19105a0fdbd04f00dcbe8a9c0f09ea566779bb4d5af7e,2,1,1,9,8,0,1
247,ee037294e8db369985d108f24f55920eb66f6c820f056e9e9b93630b91c5ca7a,7bc3a1ab62589b5814b19105a0fdbd04f00dcbe8a9c0f09ea566779bb4d5af7e,3,1,1,8,8,0,0
247,ee037294e8db369985d108f24f55920eb66f6c820f056e9e9b93630b91c5ca7a,7bc3a1ab62589b5814b19105a0fdbd04f00dcbe8a9c0f09ea566779bb4d5af7e,4,1,1,8,8,0,0
282,76e260ce16c8586f31e822455b3fbe6ae0d70da6e6c52f624ae746bbcd73b8df,5cfb8039ff183b6af0867c4ef95bd96f4e5b26e663931597ac5bfd11696181fe,0,1,1,8,9,0,-1
282,76e260ce16c8586f31e822455b3fbe6ae0d70da6e6c52f624ae746bbcd73b8df,5cfb8039ff183b6af0867c4ef95bd96f4e5b26e663931597ac5bfd11696181fe,1,1,1,8,8,0,0
282,76e260ce16c8586f31e822455b3fbe6ae0d70da6e6c52f624ae746bbcd73b8df,5cfb8039ff183b6af0867c4ef95bd96f4e5b26e663931597ac5bfd11696181fe,2,1,1,7,9,0,-2
282,76e260ce16c8586f31e822455b3fbe6ae0d70da6e6c52f624ae746bbcd73b8df,5cfb8039ff183b6af0867c4ef95bd96f4e5b26e663931597ac5bfd11696181fe,3,1,1,8,9,0,-1
282,76e260ce16c8586f31e822455b3fbe6ae0d70da6e6c52f624ae746bbcd73b8df,5cfb8039ff183b6af0867c4ef95bd96f4e5b26e663931597ac5bfd11696181fe,4,1,1,8,8,0,0
307,68d4d81d5fbeb50e64956b90f9a98f67d733e5ea5bb2f81a0b5b768f0fdbde2d,198f2a32a924564c93d3f853eb0b7e754901352ba04abc672a93ae93df92ab97,0,0,1,2,7,-1,-5
307,68d4d81d5fbeb50e64956b90f9a98f67d733e5ea5bb2f81a0b5b768f0fdbde2d,198f2a32a924564c93d3f853eb0b7e754901352ba04abc672a93ae93df92ab97,1,0,0,2,2,0,0
307,68d4d81d5fbeb50e64956b90f9a98f67d733e5ea5bb2f81a0b5b768f0fdbde2d,198f2a32a924564c93d3f853eb0b7e754901352ba04abc672a93ae93df92ab97,2,1,0,8,2,1,6
307,68d4d81d5fbeb50e64956b90f9a98f67d733e5ea5bb2f81a0b5b768f0fdbde2d,198f2a32a924564c93d3f853eb0b7e754901352ba04abc672a93ae93df92ab97,3,1,0,8,2,1,6
307,68d4d81d5fbeb50e64956b90f9a98f67d733e5ea5bb2f81a0b5b768f0fdbde2d,198f2a32a924564c93d3f853eb0b7e754901352ba04abc672a93ae93df92ab97,4,1,0,8,2,1,6
309,68d4d81d5fbeb50e64956b90f9a98f67d733e5ea5bb2f81a0b5b768f0fdbde2d,11866644957f49231c4e2a17bf165159c30245fa0f1ad3ef78970fcbc3b3eebf,0,1,1,8,9,0,-1
309,68d4d81d5fbeb50e64956b90f9a98f67d733e5ea5bb2f81a0b5b768f0fdbde2d,11866644957f49231c4e2a17bf165159c30245fa0f1ad3ef78970fcbc3b3eebf,1,1,1,8,8,0,0
309,68d4d81d5fbeb50e64956b90f9a98f67d733e5ea5bb2f81a0b5b768f0fdbde2d,11866644957f49231c4e2a17bf165159c30245fa0f1ad3ef78970fcbc3b3eebf,2,1,1,8,8,0,0
309,68d4d81d5fbeb50e64956b90f9a98f67d733e5ea5bb2f81a0b5b768f0fdbde2d,11866644957f49231c4e2a17bf165159c30245fa0f1ad3ef78970fcbc3b3eebf,3,1,1,8,8,0,0
309,68d4d81d5fbeb50e64956b90f9a98f67d733e5ea5bb2f81a0b5b768f0fdbde2d,11866644957f49231c4e2a17bf165159c30245fa0f1ad3ef78970fcbc3b3eebf,4,1,0,8,0,1,8
312,8ad349d5bbd79489e0bc073dd6b8daa00731d76f1d446ef3151771839c59b57e,f3618fc5266802323ac22f37732bd7593ec472320064aa8969cf57712c69c9fa,0,1,0,8,2,1,6
312,8ad349d5bbd79489e0bc073dd6b8daa00731d76f1d446ef3151771839c59b57e,f3618fc5266802323ac22f37732bd7593ec472320064aa8969cf57712c69c9fa,1,0,0,2,2,0,0
312,8ad349d5bbd79489e0bc073dd6b8daa00731d76f1d446ef3151771839c59b57e,f3618fc5266802323ac22f37732bd7593ec472320064aa8969cf57712c69c9fa,2,1,1,8,8,0,0
312,8ad349d5bbd79489e0bc073dd6b8daa00731d76f1d446ef3151771839c59b57e,f3618fc5266802323ac22f37732bd7593ec472320064aa8969cf57712c69c9fa,3,0,1,2,9,-1,-7
312,8ad349d5bbd79489e0bc073dd6b8daa00731d76f1d446ef3151771839c59b57e,f3618fc5266802323ac22f37732bd7593ec472320064aa8969cf57712c69c9fa,4,1,1,8,8,0,0
322,bad8a9d14c3439e1aad496ba01684495cac5e6cfc480e7665d69f65d4c52dc23,ae2b3d577e3a8fe2d68b1cd001807d9ddbd78b9f9cc729310e0e4720e3def0fb,0,1,1,10,10,0,0
322,bad8a9d14c3439e1aad496ba01684495cac5e6cfc480e7665d69f65d4c52dc23,ae2b3d577e3a8fe2d68b1cd001807d9ddbd78b9f9cc729310e0e4720e3def0fb,1,1,1,10,10,0,0
322,bad8a9d14c3439e1aad496ba01684495cac5e6cfc480e7665d69f65d4c52dc23,ae2b3d577e3a8fe2d68b1cd001807d9ddbd78b9f9cc729310e0e4720e3def0fb,2,1,1,10,10,0,0
322,bad8a9d14c3439e1aad496ba01684495cac5e6cfc480e7665d69f65d4c52dc23,ae2b3d577e3a8fe2d68b1cd001807d9ddbd78b9f9cc729310e0e4720e3def0fb,3,1,1,10,10,0,0
322,bad8a9d14c3439e1aad496ba01684495cac5e6cfc480e7665d69f65d4c52dc23,ae2b3d577e3a8fe2d68b1cd001807d9ddbd78b9f9cc729310e0e4720e3def0fb,4,1,1,10,10,0,0
325,58785766529d7dc65be754e2ba804c1b3f15e16992a4f70f41510f52900395b0,34e950a37146392869b80cdc46daa02dc03e1530369b200a0436d2ffa01b7ee9,0,1,1,8,8,0,0
325,58785766529d7dc65be754e2ba804c1b3f15e16992a4f70f41510f52900395b0,34e950a37146392869b80cdc46daa02dc03e1530369b200a0436d2ffa01b7ee9,1,1,1,8,8,0,0
325,58785766529d7dc65be754e2ba804c1b3f15e16992a4f70f41510f52900395b0,34e950a37146392869b80cdc46daa02dc03e1530369b200a0436d2ffa01b7ee9,2,0,0,2,2,0,0
325,58785766529d7dc65be754e2ba804c1b3f15e16992a4f70f41510f52900395b0,34e950a37146392869b80cdc46daa02dc03e1530369b200a0436d2ffa01b7ee9,3,1,1,9,8,0,1
325,58785766529d7dc65be754e2ba804c1b3f15e16992a4f70f41510f52900395b0,34e950a37146392869b80cdc46daa02dc03e1530369b200a0436d2ffa01b7ee9,4,0,0,2,2,0,0
326,58785766529d7dc65be754e2ba804c1b3f15e16992a4f70f41510f52900395b0,00d6010a327af234a6dab001fa630e2468febb5b099f7099e8d85702156e214b,0,1,1,8,8,0,0
326,58785766529d7dc65be754e2ba804c1b3f15e16992a4f70f41510f52900395b0,00d6010a327af234a6dab001fa630e2468febb5b099f7099e8d85702156e214b,1,0,1,2,8,-1,-6
326,58785766529d7dc65be754e2ba804c1b3f15e16992a4f70f41510f52900395b0,00d6010a327af234a6dab001fa630e2468febb5b099f7099e8d85702156e214b,2,0,1,2,8,-1,-6
326,58785766529d7dc65be754e2ba804c1b3f15e16992a4f70f41510f52900395b0,00d6010a327af234a6dab001fa630e2468febb5b099f7099e8d85702156e214b,3,1,1,8,8,0,0
326,58785766529d7dc65be754e2ba804c1b3f15e16992a4f70f41510f52900395b0,00d6010a327af234a6dab001fa630e2468febb5b099f7099e8d85702156e214b,4,0,0,2,2,0,0
336,0f2b4ea7a570e2d0df3b8979e8a43015ae5ac46848c53a4af9bbd369003808a6,2b630f459a7cff384b64e5a5704df6e6e26518db764292391560ff445cf8189e,0,1,0,8,0,1,8
336,0f2b4ea7a570e2d0df3b8979e8a43015ae5ac46848c53a4af9bbd369003808a6,2b630f459a7cff384b64e5a5704df6e6e26518db764292391560ff445cf8189e,1,0,0,0,2,0,-2
336,0f2b4ea7a570e2d0df3b8979e8a43015ae5ac46848c53a4af9bbd369003808a6,2b630f459a7cff384b64e5a5704df6e6e26518db764292391560ff445cf8189e,2,0,0,2,2,0,0
336,0f2b4ea7a570e2d0df3b8979e8a43015ae5ac46848c53a4af9bbd369003808a6,2b630f459a7cff384b64e5a5704df6e6e26518db764292391560ff445cf8189e,3,0,0,0,2,0,-2
336,0f2b4ea7a570e2d0df3b8979e8a43015ae5ac46848c53a4af9bbd369003808a6,2b630f459a7cff384b64e5a5704df6e6e26518db764292391560ff445cf8189e,4,1,0,8,2,1,6
344,5d4ee279104c60aa8dc93beda7ef4cbdaac462242f3678bb02ff2a73b977b71b,0f92d1ca34964b020f52457971a8b0bce61588c4c303b5d54c70d08f25e50bf4,0,0,1,2,8,-1,-6
344,5d4ee279104c60aa8dc93beda7ef4cbdaac462242f3678bb02ff2a73b977b71b,0f92d1ca34964b020f52457971a8b0bce61588c4c303b5d54c70d08f25e50bf4,1,0,0,2,2,0,0
344,5d4ee279104c60aa8dc93beda7ef4cbdaac462242f3678bb02ff2a73b977b71b,0f92d1ca34964b020f52457971a8b0bce61588c4c303b5d54c70d08f25e50bf4,2,1,0,7,2,1,5
344,5d4ee279104c60aa8dc93beda7ef4cbdaac462242f3678bb02ff2a73b977b71b,0f92d1ca34964b020f52457971a8b0bce61588c4c303b5d54c70d08f25e50bf4,3,1,0,8,2,1,6
344,5d4ee279104c60aa8dc93beda7ef4cbdaac462242f3678bb02ff2a73b977b71b,0f92d1ca34964b020f52457971a8b0bce61588c4c303b5d54c70d08f25e50bf4,4,0,1,2,8,-1,-6
345,5d4ee279104c60aa8dc93beda7ef4cbdaac462242f3678bb02ff2a73b977b71b,2d606fe96a26b5ef28aa5c0a5885826d1968d7298c171225ad2fc32cc4324b7b,0,1,1,7,8,0,-1
345,5d4ee279104c60aa8dc93beda7ef4cbdaac462242f3678bb02ff2a73b977b71b,2d606fe96a26b5ef28aa5c0a5885826d1968d7298c171225ad2fc32cc4324b7b,1,1,0,7,2,1,5
345,5d4ee279104c60aa8dc93beda7ef4cbdaac462242f3678bb02ff2a73b977b71b,2d606fe96a26b5ef28aa5c0a5885826d1968d7298c171225ad2fc32cc4324b7b,2,1,0,8,2,1,6
345,5d4ee279104c60aa8dc93beda7ef4cbdaac462242f3678bb02ff2a73b977b71b,2d606fe96a26b5ef28aa5c0a5885826d1968d7298c171225ad2fc32cc4324b7b,3,1,1,8,8,0,0
345,5d4ee279104c60aa8dc93beda7ef4cbdaac462242f3678bb02ff2a73b977b71b,2d606fe96a26b5ef28aa5c0a5885826d1968d7298c171225ad2fc32cc4324b7b,4,0,1,2,7,-1,-5
364,cf22eb18d9ce84f7bf133b7d69c15d4de62af04ba9ace29437f53059d3c3e8ba,557617e5d1f72d08fd493fd716be35f9285ce8fe0dbcd2412bd5385d9d569607,0,1,1,10,10,0,0
364,cf22eb18d9ce84f7bf133b7d69c15d4de62af04ba9ace29437f53059d3c3e8ba,557617e5d1f72d08fd493fd716be35f9285ce8fe0dbcd2412bd5385d9d569607,1,1,1,10,10,0,0
364,cf22eb18d9ce84f7bf133b7d69c15d4de62af04ba9ace29437f53059d3c3e8ba,557617e5d1f72d08fd493fd716be35f9285ce8fe0dbcd2412bd5385d9d569607,2,1,1,10,10,0,0
364,cf22eb18d9ce84f7bf133b7d69c15d4de62af04ba9ace29437f53059d3c3e8ba,557617e5d1f72d08fd493fd716be35f9285ce8fe0dbcd2412bd5385d9d569607,3,1,1,9,10,0,-1
364,cf22eb18d9ce84f7bf133b7d69c15d4de62af04ba9ace29437f53059d3c3e8ba,557617e5d1f72d08fd493fd716be35f9285ce8fe0dbcd2412bd5385d9d569607,4,1,1,9,9,0,0
376,1d0eb9b8f7005b9f557dd0580b56dde3242f25faea3a7b024e9609bdbcde36b1,71e3b8e497cb9c6462a21cf5a092cbe00ceaf13ceb27725fe2ab8baf6e291fa6,0,1,0,7,2,1,5
376,1d0eb9b8f7005b9f557dd0580b56dde3242f25faea3a7b024e9609bdbcde36b1,71e3b8e497cb9c6462a21cf5a092cbe00ceaf13ceb27725fe2ab8baf6e291fa6,1,0,0,2,2,0,0
376,1d0eb9b8f7005b9f557dd0580b56dde3242f25faea3a7b024e9609bdbcde36b1,71e3b8e497cb9c6462a21cf5a092cbe00ceaf13ceb27725fe2ab8baf6e291fa6,2,0,0,2,2,0,0
376,1d0eb9b8f7005b9f557dd0580b56dde3242f25faea3a7b024e9609bdbcde36b1,71e3b8e497cb9c6462a21cf5a092cbe00ceaf13ceb27725fe2ab8baf6e291fa6,3,1,0,9,2,1,7
376,1d0eb9b8f7005b9f557dd0580b56dde3242f25faea3a7b024e9609bdbcde36b1,71e3b8e497cb9c6462a21cf5a092cbe00ceaf13ceb27725fe2ab8baf6e291fa6,4,1,0,8,2,1,6
379,1d0eb9b8f7005b9f557dd0580b56dde3242f25faea3a7b024e9609bdbcde36b1,3386512c974a1ab38ee0a8ee9c1afc6e9b34e64b3987f7350165d2a16f2715c5,0,0,1,2,8,-1,-6
379,1d0eb9b8f7005b9f557dd0580b56dde3242f25faea3a7b024e9609bdbcde36b1,3386512c974a1ab38ee0a8ee9c1afc6e9b34e64b3987f7350165d2a16f2715c5,1,0,1,2,8,-1,-6
379,1d0eb9b8f7005b9f557dd0580b56dde3242f25faea3a7b024e9609bdbcde36b1,3386512c974a1ab38ee0a8ee9c1afc6e9b34e64b3987f7350165d2a16f2715c5,2,1,0,8,2,1,6
379,1d0eb9b8f7005b9f557dd0580b56dde3242f25faea3a7b024e9609bdbcde36b1,3386512c974a1ab38ee0a8ee9c1afc6e9b34e64b3987f7350165d2a16f2715c5,3,0,0,2,6,0,-4
379,1d0eb9b8f7005b9f557dd0580b56dde3242f25faea3a7b024e9609bdbcde36b1,3386512c974a1ab38ee0a8ee9c1afc6e9b34e64b3987f7350165d2a16f2715c5,4,0,1,2,9,-1,-7
380,829411477ec4ceceb5cbf77766aef8be75ce94553462feabcdca8a6e8df87323,f680d334670ea9c30e1f43d217ddd5af8caf30114f3db8074011c4db38af2453,0,0,0,2,2,0,0
380,829411477ec4ceceb5cbf77766aef8be75ce94553462feabcdca8a6e8df87323,f680d334670ea9c30e1f43d217ddd5af8caf30114f3db8074011c4db38af2453,1,0,0,2,2,0,0
380,829411477ec4ceceb5cbf77766aef8be75ce94553462feabcdca8a6e8df87323,f680d334670ea9c30e1f43d217ddd5af8caf30114f3db8074011c4db38af2453,2,0,0,2,2,0,0
380,829411477ec4ceceb5cbf77766aef8be75ce94553462feabcdca8a6e8df87323,f680d334670ea9c30e1f43d217ddd5af8caf30114f3db8074011c4db38af2453,3,0,0,2,2,0,0
380,829411477ec4ceceb5cbf77766aef8be75ce94553462feabcdca8a6e8df87323,f680d334670ea9c30e1f43d217ddd5af8caf30114f3db8074011c4db38af2453,4,0,1,2,8,-1,-6
403,22175d82e5c3743380894cbeeab108ac9ea8c1607877c39c55b23c53aa64ff22,2608e9eb00579767ecb1652356194bbf744e7fb22a9a148a71c120e413e8750f,0,1,1,8,8,0,0
403,22175d82e5c3743380894cbeeab108ac9ea8c1607877c39c55b23c53aa64ff22,2608e9eb00579767ecb1652356194bbf744e7fb22a9a148a71c120e413e8750f,1,1,1,8,8,0,0
403,22175d82e5c3743380894cbeeab108ac9ea8c1607877c39c55b23c53aa64ff22,2608e9eb00579767ecb1652356194bbf744e7fb22a9a148a71c120e413e8750f,2,1,1,8,8,0,0
403,22175d82e5c3743380894cbeeab108ac9ea8c1607877c39c55b23c53aa64ff22,2608e9eb00579767ecb1652356194bbf744e7fb22a9a148a71c120e413e8750f,3,1,1,8,8,0,0
403,22175d82e5c3743380894cbeeab108ac9ea8c1607877c39c55b23c53aa64ff22,2608e9eb00579767ecb1652356194bbf744e7fb22a9a148a71c120e413e8750f,4,1,1,9,9,0,0
411,22175d82e5c3743380894cbeeab108ac9ea8c1607877c39c55b23c53aa64ff22,d38d3bcc445ea4d89beaf91ca960f59a91d442f665ccbe9d135d1d09a48e7ff6,0,1,1,10,8,0,2
411,22175d82e5c3743380894cbeeab108ac9ea8c1607877c39c55b23c53aa64ff22,d38d3bcc445ea4d89beaf91ca960f59a91d442f665ccbe9d135d1d09a48e7ff6,1,1,0,10,0,1,10
411,22175d82e5c3743380894cbeeab108ac9ea8c1607877c39c55b23c53aa64ff22,d38d3bcc445ea4d89beaf91ca960f59a91d442f665ccbe9d135d1d09a48e7ff6,2,1,0,8,2,1,6
411,22175d82e5c3743380894cbeeab108ac9ea8c1607877c39c55b23c53aa64ff22,d38d3bcc445ea4d89beaf91ca960f59a91d442f665ccbe9d135d1d09a48e7ff6,3,1,1,9,9,0,0
411,22175d82e5c3743380894cbeeab108ac9ea8c1607877c39c55b23c53aa64ff22,d38d3bcc445ea4d89beaf91ca960f59a91d442f665ccbe9d135d1d09a48e7ff6,4,1,0,8,2,1,6
421,22175d82e5c3743380894cbeeab108ac9ea8c1607877c39c55b23c53aa64ff22,1081ae33496b12003ddda0cb0cd0576c36f496df35b329aceb00707e2e2423b5,0,0,0,2,2,0,0
421,22175d82e5c3743380894cbeeab108ac9ea8c1607877c39c55b23c53aa64ff22,1081ae33496b12003ddda0cb0cd0576c36f496df35b329aceb00707e2e2423b5,1,0,0,0,0,0,0
421,22175d82e5c3743380894cbeeab108ac9ea8c1607877c39c55b23c53aa64ff22,1081ae33496b12003ddda0cb0cd0576c36f496df35b329aceb00707e2e2423b5,2,0,0,2,2,0,0
421,22175d82e5c3743380894cbeeab108ac9ea8c1607877c39c55b23c53aa64ff22,1081ae33496b12003ddda0cb0cd0576c36f496df35b329aceb00707e2e2423b5,3,0,0,2,0,0,2
421,22175d82e5c3743380894cbeeab108ac9ea8c1607877c39c55b23c53aa64ff22,1081ae33496b12003ddda0cb0cd0576c36f496df35b329aceb00707e2e2423b5,4,0,0,2,0,0,2
444,a07f90f1fbd88c849b3ae64c0c0b9a8974a8771cd3fe0bd09fb86a3011afab28,bb4178dcb71cbd4a34ec284e6901081561223e1960ffdbf7e88e48ec1b8cd85c,0,1,1,8,7,0,1
444,a07f90f1fbd88c849b3ae64c0c0b9a8974a8771cd3fe0bd09fb86a3011afab28,bb4178dcb71cbd4a34ec284e6901081561223e1960ffdbf7e88e48ec1b8cd85c,1,1,1,8,8,0,0
444,a07f90f1fbd88c849b3ae64c0c0b9a8974a8771cd3fe0bd09fb86a3011afab28,bb4178dcb71cbd4a34ec284e6901081561223e1960ffdbf7e88e48ec1b8cd85c,2,1,1,8,7,0,1
444,a07f90f1fbd88c849b3ae64c0c0b9a8974a8771cd3fe0bd09fb86a3011afab28,bb4178dcb71cbd4a34ec284e6901081561223e1960ffdbf7e88e48ec1b8cd85c,3,1,1,8,7,0,1
444,a07f90f1fbd88c849b3ae64c0c0b9a8974a8771cd3fe0bd09fb86a3011afab28,bb4178dcb71cbd4a34ec284e6901081561223e1960ffdbf7e88e48ec1b8cd85c,4,1,1,7,8,0,-1
451,e03ebb6e7ff526f56af045f63a5d55a8fc99fc854d8400e1909de7c6e6ee994e,3e675a241b4058f4c41292a112b62ae1aacd566ee17b68f169305f3f1de75ad8,0,1,0,8,2,1,6
451,e03ebb6e7ff526f56af045f63a5d55a8fc99fc854d8400e1909de7c6e6ee994e,3e675a241b4058f4c41292a112b62ae1aacd566ee17b68f169305f3f1de75ad8,1,1,1,8,8,0,0
451,e03ebb6e7ff526f56af045f63a5d55a8fc99fc854d8400e1909de7c6e6ee994e,3e675a241b4058f4c41292a112b62ae1aacd566ee17b68f169305f3f1de75ad8,2,1,1,9,8,0,1
451,e03ebb6e7ff526f56af045f63a5d55a8fc99fc854d8400e1909de7c6e6ee994e,3e675a241b4058f4c41292a112b62ae1aacd566ee17b68f169305f3f1de75ad8,3,1,1,8,8,0,0
451,e03ebb6e7ff526f56af045f63a5d55a8fc99fc854d8400e1909de7c6e6ee994e,3e675a241b4058f4c41292a112b62ae1aacd566ee17b68f169305f3f1de75ad8,4,0,1,2,8,-1,-6
457,5bbd3372f8567480e75b322319e06b8e41d7fdf03845d913456cd88ef31f06bc,2b1d62f7c0022e6556a366672d0cb020c720e5ebf9949fc7b7b7692edb7ff73a,0,1,0,8,2,1,6
457,5bbd3372f8567480e75b322319e06b8e41d7fdf03845d913456cd88ef31f06bc,2b1d62f7c0022e6556a366672d0cb020c720e5ebf9949fc7b7b7692edb7ff73a,1,0,1,2,7,-1,-5
457,5bbd3372f8567480e75b322319e06b8e41d7fdf03845d913456cd88ef31f06bc,2b1d62f7c0022e6556a366672d0cb020c720e5ebf9949fc7b7b7692edb7ff73a,2,1,0,7,2,1,5
457,5bbd3372f8567480e75b322319e06b8e41d7fdf03845d913456cd88ef31f06bc,2b1d62f7c0022e6556a366672d0cb020c720e5ebf9949fc7b7b7692edb7ff73a,3,1,1,8,8,0,0
457,5bbd3372f8567480e75b322319e06b8e41d7fdf03845d913456cd88ef31f06bc,2b1d62f7c0022e6556a366672d0cb020c720e5ebf9949fc7b7b7692edb7ff73a,4,0,0,2,2,0,0
479,b1a067f9d1ab784e33a9f0617c52ec4ccd4bb4f99d91d86adf642147591cb8fc,aa2fde8a1c0f23d8690b971eb9e9c4631a0aa7f776fdc5a5dd9986028d3f538e,0,0,1,2,8,-1,-6
479,b1a067f9d1ab784e33a9f0617c52ec4ccd4bb4f99d91d86adf642147591cb8fc,aa2fde8a1c0f23d8690b971eb9e9c4631a0aa7f776fdc5a5dd9986028d3f538e,1,1,0,8,2,1,6
479,b1a067f9d1ab784e33a9f0617c52ec4ccd4bb4f99d91d86adf642147591cb8fc,aa2fde8a1c0f23d8690b971eb9e9c4631a0aa7f776fdc5a5dd9986028d3f538e,2,0,0,2,2,0,0
479,b1a067f9d1ab784e33a9f0617c52ec4ccd4bb4f99d91d86adf642147591cb8fc,aa2fde8a1c0f23d8690b971eb9e9c4631a0aa7f776fdc5a5dd9986028d3f538e,3,0,0,2,2,0,0
479,b1a067f9d1ab784e33a9f0617c52ec4ccd4bb4f99d91d86adf642147591cb8fc,aa2fde8a1c0f23d8690b971eb9e9c4631a0aa7f776fdc5a5dd9986028d3f538e,4,0,1,2,7,-1,-5
514,203cfc13aa3969f2bdfe86bfef974eca1395ef1d04daf4a0fad4c45e91032904,73b6c27f8a39bd1df7d3d8d2d027ea719b138274fae2fb40e85ce8664c354229,0,0,1,2,8,-1,-6
514,203cfc13aa3969f2bdfe86bfef974eca1395ef1d04daf4a0fad4c45e91032904,73b6c27f8a39bd1df7d3d8d2d027ea719b138274fae2fb40e85ce8664c354229,1,0,0,2,2,0,0
514,203cfc13aa3969f2bdfe86bfef974eca1395ef1d04daf4a0fad4c45e91032904,73b6c27f8a39bd1df7d3d8d2d027ea719b138274fae2fb40e85ce8664c354229,2,1,0,8,2,1,6
514,203cfc13aa3969f2bdfe86bfef974eca1395ef1d04daf4a0fad4c45e91032904,73b6c27f8a39bd1df7d3d8d2d027ea719b138274fae2fb40e85ce8664c354229,3,1,0,8,2,1,6
514,203cfc13aa3969f2bdfe86bfef974eca1395ef1d04daf4a0fad4c45e91032904,73b6c27f8a39bd1df7d3d8d2d027ea719b138274fae2fb40e85ce8664c354229,4,1,0,8,2,1,6
